time;x;y;fx;fy;;;;;;;;;;
63;120;-120;0;0;;;;;;;;;;
126;120;-120;0;0;;;;;;;;;;
189;120;-120;0;0;;;;;;;;;;
252;120;-120;0;0;;;;;;;;;;
315;120;-120;0;0;;;;;;;;;;
378;120;-120;0;0;;;;;;;;;;
441;120;-120;0;0;;;;;;;;;;
504;120;-120;0;29;;;;;;;;;;
567;120;-120;0;29;;;;;;;;;;
630;120;-120;0;29;;;;;;;;;;
693;120;-120;0;29;;;;;;;;;;
756;120;-120;0;29;;;;;;;;;;
819;120;-115;0;246;;;;;;;;;;
882;120;-106;0;246;;;;;;;;;;
945;120;-101;0;246;;;;;;;;;;
1008;120;-97;0;246;;;;;;;;;;
1071;120;-92;0;246;;;;;;;;;;
1134;120;-87;0;248;;;;;;;;;;
1197;120;-82;0;248;;;;;;;;;;
1260;120;-73;0;248;;;;;;;;;;
1323;120;-68;0;248;;;;;;;;;;
1386;120;-63;0;248;;;;;;;;;;
1449;120;-60;0;133;;;;;;;;;;
1512;120;-57;0;133;;;;;;;;;;
1575;120;-55;0;133;;;;;;;;;;
1638;120;-53;0;133;;;;;;;;;;
1701;120;-52;0;133;;;;;;;;;;
1764;120;-46;0;196;;;;;;;;;;
1827;120;-43;0;196;;;;;;;;;;
1890;120;-39;0;196;;;;;;;;;;
1953;120;-36;0;196;;;;;;;;;;
2016;120;-33;0;196;;;;;;;;;;
2079;120;-27;0;192;;;;;;;;;;
2142;120;-24;0;192;;;;;;;;;;
2205;120;-21;0;192;;;;;;;;;;
2268;120;-18;0;192;;;;;;;;;;
2331;120;-12;0;172;;;;;;;;;;
2394;120;-9;0;172;;;;;;;;;;
2457;120;-7;0;172;;;;;;;;;;
2520;120;-4;0;172;;;;;;;;;;
2583;120;0;0;172;;;;;;;;;;
2646;120;2;0;175;;;;;;;;;;
2709;120;5;0;175;;;;;;;;;;
2772;120;7;0;175;;;;;;;;;;
2835;120;12;0;175;;;;;;;;;;
2898;120;15;0;175;;;;;;;;;;
2961;120;17;0;175;;;;;;;;;;
3024;120;22;0;176;;;;;;;;;;
3087;120;25;0;176;;;;;;;;;;
3150;120;27;0;176;;;;;;;;;;
3213;120;30;0;176;;;;;;;;;;
3276;120;35;0;163;;;;;;;;;;
3339;120;37;0;163;;;;;;;;;;
3402;120;40;0;163;;;;;;;;;;
3465;120;42;0;163;;;;;;;;;;
3528;120;47;0;163;;;;;;;;;;
3591;120;50;0;156;;;;;;;;;;
3654;120;52;0;156;;;;;;;;;;
3717;120;54;0;156;;;;;;;;;;
3780;120;58;0;156;;;;;;;;;;
3843;120;60;0;156;;;;;;;;;;
3906;120;62;0;161;;;;;;;;;;
3969;120;65;0;161;;;;;;;;;;
4032;120;70;0;161;;;;;;;;;;
4095;120;72;0;161;;;;;;;;;;
4158;120;75;0;161;;;;;;;;;;
4221;120;79;0;137;;;;;;;;;;
4284;120;81;0;137;;;;;;;;;;
4347;120;83;0;137;;;;;;;;;;
4410;120;85;0;137;;;;;;;;;;
4473;120;87;0;137;;;;;;;;;;
4536;120;91;0;121;;;;;;;;;;
4599;120;93;0;121;;;;;;;;;;
4662;120;94;0;121;;;;;;;;;;
4725;120;96;0;121;;;;;;;;;;
4788;120;99;0;124;;;;;;;;;;
4851;120;101;0;124;;;;;;;;;;
4914;120;103;0;124;;;;;;;;;;
4977;120;104;0;124;;;;;;;;;;
5040;120;108;0;124;;;;;;;;;;
5103;120;109;0;124;;;;;;;;;;
5166;120;111;0;111;;;;;;;;;;
5229;120;112;0;111;;;;;;;;;;
5292;120;115;0;111;;;;;;;;;;
5355;120;117;0;111;;;;;;;;;;
5418;120;118;0;111;;;;;;;;;;
5481;120;119;0;64;;;;;;;;;;
5544;120;119;0;64;;;;;;;;;;
5607;120;119;0;64;;;;;;;;;;
5670;120;119;0;64;;;;;;;;;;
5733;120;119;0;0;;;;;;;;;;
5796;120;119;0;0;;;;;;;;;;
5859;120;119;0;0;;;;;;;;;;
5922;120;119;0;0;;;;;;;;;;
5985;120;119;0;0;;;;;;;;;;
6048;120;119;0;0;;;;;;;;;;
6111;120;119;0;0;;;;;;;;;;
6174;120;119;0;0;;;;;;;;;;
6237;120;119;0;0;;;;;;;;;;
6300;120;119;0;0;;;;;;;;;;
6363;120;119;0;86;;;;;;;;;;
6426;120;119;0;86;;;;;;;;;;
6489;120;119;0;86;;;;;;;;;;
6552;120;119;0;86;;;;;;;;;;
6615;120;119;0;86;;;;;;;;;;
6678;120;119;0;126;;;;;;;;;;
6741;120;122;0;126;;;;;;;;;;
6804;120;124;0;126;;;;;;;;;;
6867;120;126;0;126;;;;;;;;;;
6930;120;129;0;126;;;;;;;;;;
6993;120;130;0;0;;;;;;;;;;
7056;120;130;0;0;;;;;;;;;;
7119;120;130;0;0;;;;;;;;;;
7182;120;130;0;0;;;;;;;;;;
7245;120;130;0;-59;;;;;;;;;;
7308;120;130;0;-59;;;;;;;;;;
7371;120;130;0;-59;;;;;;;;;;
7434;120;130;0;-59;;;;;;;;;;
7497;120;130;0;-59;;;;;;;;;;
7560;120;130;0;-90;;;;;;;;;;
7623;120;130;0;-90;;;;;;;;;;
7686;120;130;0;-90;;;;;;;;;;
7749;120;130;0;-90;;;;;;;;;;
7812;120;128;0;-143;;;;;;;;;;
7875;120;126;0;-143;;;;;;;;;;
7938;120;124;0;-143;;;;;;;;;;
8001;120;120;0;-143;;;;;;;;;;
8064;120;118;0;-143;;;;;;;;;;
8127;120;117;0;-81;;;;;;;;;;
8190;120;117;0;-81;;;;;;;;;;
8253;120;117;0;-81;;;;;;;;;;
8316;120;117;0;-81;;;;;;;;;;
8379;120;117;0;-81;;;;;;;;;;
8442;120;117;0;0;;;;;;;;;;
8505;120;117;0;0;;;;;;;;;;
8568;120;117;0;0;;;;;;;;;;
8631;120;117;0;0;;;;;;;;;;
8694;120;117;0;0;;;;;;;;;;
8757;120;117;0;0;;;;;;;;;;
8820;120;117;0;0;;;;;;;;;;
8883;120;117;0;0;;;;;;;;;;
8946;120;117;0;0;;;;;;;;;;
9009;120;117;0;0;;;;;;;;;;
9072;120;117;0;0;;;;;;;;;;
9135;120;117;0;0;;;;;;;;;;
9198;120;117;0;0;;;;;;;;;;
9261;120;117;0;0;;;;;;;;;;
9324;120;117;0;0;;;;;;;;;;
9387;120;117;0;0;;;;;;;;;;
9450;120;117;0;0;;;;;;;;;;
9513;120;117;0;0;;;;;;;;;;
9576;120;117;0;0;;;;;;;;;;
9639;120;117;0;0;;;;;;;;;;
9702;120;117;0;0;;;;;;;;;;
9765;120;117;0;0;;;;;;;;;;
9828;120;117;0;0;;;;;;;;;;
9891;120;117;0;0;;;;;;;;;;
9954;120;117;0;0;;;;;;;;;;
10017;120;117;0;0;;;;;;;;;;
10080;120;117;0;0;;;;;;;;;;
10143;120;117;0;0;;;;;;;;;;
10206;120;117;0;0;;;;;;;;;;
10269;120;117;0;0;;;;;;;;;;
10332;120;117;0;0;;;;;;;;;;
10395;120;117;0;0;;;;;;;;;;
10458;120;117;0;0;;;;;;;;;;
10521;120;117;0;0;;;;;;;;;;
10584;120;117;0;0;;;;;;;;;;
10647;120;117;0;0;;;;;;;;;;
10710;120;117;0;0;;;;;;;;;;
10773;120;117;0;0;;;;;;;;;;
10836;120;117;-34;0;;;;;;;;;;
10899;120;117;-34;0;;;;;;;;;;
10962;120;117;-34;0;;;;;;;;;;
11025;120;117;-34;0;;;;;;;;;;
11088;120;117;-34;0;;;;;;;;;;
11151;120;117;0;0;;;;;;;;;;
11214;120;117;0;0;;;;;;;;;;
11277;120;117;0;0;;;;;;;;;;
11340;120;117;0;0;;;;;;;;;;
11403;120;117;0;0;;;;;;;;;;
11466;120;117;0;0;;;;;;;;;;
11529;120;117;0;0;;;;;;;;;;
11592;120;117;0;0;;;;;;;;;;
11655;120;117;0;0;;;;;;;;;;
11718;120;117;0;0;;;;;;;;;;
11781;120;117;0;0;;;;;;;;;;
11844;120;117;0;0;;;;;;;;;;
11907;120;117;0;0;;;;;;;;;;
11970;120;117;0;0;;;;;;;;;;
12033;120;117;0;0;;;;;;;;;;
12096;120;117;0;0;;;;;;;;;;
12159;120;117;0;0;;;;;;;;;;
12222;120;117;0;0;;;;;;;;;;
12285;120;117;0;0;;;;;;;;;;
12348;120;117;0;0;;;;;;;;;;
12411;120;117;-41;0;;;;;;;;;;
12474;120;117;-41;0;;;;;;;;;;
12537;120;117;-41;-34;;;;;;;;;;
12600;120;117;-41;-34;;;;;;;;;;
12663;120;117;-41;-34;;;;;;;;;;
12726;120;117;-64;-34;;;;;;;;;;
12789;120;117;-64;-44;;;;;;;;;;
12852;120;117;-64;-44;;;;;;;;;;
12915;120;117;-64;-44;;;;;;;;;;
12978;120;117;-64;-44;;;;;;;;;;
13041;120;117;-63;-44;;;;;;;;;;
13104;120;117;-63;-41;;;;;;;;;;
13167;120;117;-63;-41;;;;;;;;;;
13230;120;117;-63;-41;;;;;;;;;;
13293;120;117;-46;-41;;;;;;;;;;
13356;120;117;-46;-41;;;;;;;;;;
13419;120;117;-46;-35;;;;;;;;;;
13482;120;117;-46;-35;;;;;;;;;;
13545;120;117;-46;-35;;;;;;;;;;
13608;120;117;-70;-35;;;;;;;;;;
13671;120;117;-70;-35;;;;;;;;;;
13734;120;117;-70;-35;;;;;;;;;;
13797;120;117;-70;-83;;;;;;;;;;
13860;120;117;-70;-83;;;;;;;;;;
13923;120;117;-70;-83;;;;;;;;;;
13986;120;117;-92;-83;;;;;;;;;;
14049;120;117;-92;-108;;;;;;;;;;
14112;120;117;-92;-108;;;;;;;;;;
14175;120;117;-92;-108;;;;;;;;;;
14238;120;117;-92;-108;;;;;;;;;;
14301;120;117;-86;-108;;;;;;;;;;
14364;120;116;-86;-121;;;;;;;;;;
14427;120;114;-86;-121;;;;;;;;;;
14490;120;113;-86;-121;;;;;;;;;;
14553;119;109;-119;-121;;;;;;;;;;
14616;117;108;-119;-121;;;;;;;;;;
14679;116;107;-119;-73;;;;;;;;;;
14742;114;107;-119;-73;;;;;;;;;;
14805;111;107;-119;-73;;;;;;;;;;
14868;110;107;-107;-73;;;;;;;;;;
14931;110;107;-107;-73;;;;;;;;;;
14994;110;107;-107;-71;;;;;;;;;;
15057;110;107;-107;-71;;;;;;;;;;
15120;110;107;-107;-71;;;;;;;;;;
15183;110;107;-94;-71;;;;;;;;;;
15246;110;107;-94;-71;;;;;;;;;;
15309;110;105;-94;-126;;;;;;;;;;
15372;110;103;-94;-126;;;;;;;;;;
15435;110;101;-94;-126;;;;;;;;;;
15498;110;100;-133;-126;;;;;;;;;;
15561;107;96;-133;-61;;;;;;;;;;
15624;105;96;-133;-61;;;;;;;;;;
15687;103;96;-133;-61;;;;;;;;;;
15750;101;96;-133;-61;;;;;;;;;;
15813;100;96;-134;-61;;;;;;;;;;
15876;96;96;-134;-61;;;;;;;;;;
15939;94;96;-134;-92;;;;;;;;;;
16002;93;96;-134;-92;;;;;;;;;;
16065;89;96;-134;-92;;;;;;;;;;
16128;89;96;-110;-92;;;;;;;;;;
16191;89;96;-110;-92;;;;;;;;;;
16254;89;94;-110;-170;;;;;;;;;;
16317;89;89;-110;-170;;;;;;;;;;
16380;89;87;-110;-170;;;;;;;;;;
16443;88;84;-113;-170;;;;;;;;;;
16506;86;82;-113;-170;;;;;;;;;;
16569;83;81;-113;-103;;;;;;;;;;
16632;82;81;-113;-103;;;;;;;;;;
16695;80;81;-113;-103;;;;;;;;;;
16758;79;81;-116;-103;;;;;;;;;;
16821;76;80;-116;-130;;;;;;;;;;
16884;74;78;-116;-130;;;;;;;;;;
16947;73;77;-116;-130;;;;;;;;;;
17010;71;75;-116;-130;;;;;;;;;;
17073;71;71;-105;-130;;;;;;;;;;
17136;71;70;-105;-153;;;;;;;;;;
17199;71;68;-105;-153;;;;;;;;;;
17262;71;66;-105;-153;;;;;;;;;;
17325;70;61;-112;-153;;;;;;;;;;
17388;69;59;-112;-153;;;;;;;;;;
17451;67;58;-112;-110;;;;;;;;;;
17514;66;58;-112;-110;;;;;;;;;;
17577;64;58;-112;-110;;;;;;;;;;
17640;61;58;-145;-110;;;;;;;;;;
17703;59;58;-145;-110;;;;;;;;;;
17766;57;58;-145;-178;;;;;;;;;;
17829;53;53;-145;-178;;;;;;;;;;
17892;51;50;-145;-178;;;;;;;;;;
17955;49;48;-126;-178;;;;;;;;;;
18018;47;45;-126;-178;;;;;;;;;;
18081;44;41;-126;-139;;;;;;;;;;
18144;42;39;-126;-139;;;;;;;;;;
18207;41;38;-126;-139;;;;;;;;;;
18270;39;36;-126;-139;;;;;;;;;;
18333;35;32;-132;-139;;;;;;;;;;
18396;34;31;-132;-115;;;;;;;;;;
18459;32;29;-132;-115;;;;;;;;;;
18522;28;26;-132;-115;;;;;;;;;;
18585;26;25;-146;-115;;;;;;;;;;
18648;24;23;-146;-115;;;;;;;;;;
18711;22;21;-146;-160;;;;;;;;;;
18774;18;17;-146;-160;;;;;;;;;;
18837;16;15;-146;-160;;;;;;;;;;
18900;14;13;-146;-160;;;;;;;;;;
18963;12;11;-141;-160;;;;;;;;;;
19026;8;6;-141;-148;;;;;;;;;;
19089;6;4;-141;-148;;;;;;;;;;
19152;4;2;-141;-148;;;;;;;;;;
19215;2;0;-141;-148;;;;;;;;;;
19278;0;-1;-130;-148;;;;;;;;;;
19341;-2;-4;-130;-138;;;;;;;;;;
19404;-4;-6;-130;-138;;;;;;;;;;
19467;-6;-8;-130;-138;;;;;;;;;;
19530;-9;-11;-132;-138;;;;;;;;;;
19593;-11;-13;-132;-152;;;;;;;;;;
19656;-13;-15;-132;-152;;;;;;;;;;
19719;-15;-17;-132;-152;;;;;;;;;;
19782;-16;-19;-132;-152;;;;;;;;;;
19845;-20;-23;-144;-152;;;;;;;;;;
19908;-22;-26;-144;-125;;;;;;;;;;
19971;-24;-27;-144;-125;;;;;;;;;;
20034;-28;-31;-144;-125;;;;;;;;;;
20097;-30;-32;-144;-125;;;;;;;;;;
20160;-32;-34;-143;-125;;;;;;;;;;
20223;-34;-36;-143;-111;;;;;;;;;;
20286;-38;-39;-143;-111;;;;;;;;;;
20349;-40;-40;-143;-111;;;;;;;;;;
20412;-42;-42;-143;-111;;;;;;;;;;
20475;-44;-43;-143;-111;;;;;;;;;;
20538;-48;-46;-135;-120;;;;;;;;;;
20601;-50;-48;-135;-120;;;;;;;;;;
20664;-52;-50;-135;-120;;;;;;;;;;
20727;-54;-52;-135;-120;;;;;;;;;;
20790;-57;-55;-133;-120;;;;;;;;;;
20853;-59;-57;-133;-128;;;;;;;;;;
20916;-61;-58;-133;-128;;;;;;;;;;
20979;-62;-60;-133;-128;;;;;;;;;;
21042;-66;-64;-133;-128;;;;;;;;;;
21105;-67;-65;-121;-128;;;;;;;;;;
21168;-69;-67;-121;-127;;;;;;;;;;
21231;-73;-70;-121;-127;;;;;;;;;;
21294;-74;-72;-121;-127;;;;;;;;;;
21357;-76;-74;-121;-127;;;;;;;;;;
21420;-77;-76;-110;-127;;;;;;;;;;
21483;-77;-77;-110;-127;;;;;;;;;;
21546;-77;-81;-110;-127;;;;;;;;;;
21609;-77;-82;-110;-127;;;;;;;;;;
21672;-77;-84;-110;-127;;;;;;;;;;
21735;-77;-88;-106;-127;;;;;;;;;;
21798;-77;-89;-106;-127;;;;;;;;;;
21861;-77;-91;-106;-127;;;;;;;;;;
21924;-77;-93;-106;-127;;;;;;;;;;
21987;-77;-96;-154;-127;;;;;;;;;;
22050;-77;-96;-154;-127;;;;;;;;;;
22113;-81;-98;-154;-80;;;;;;;;;;
22176;-84;-98;-154;-80;;;;;;;;;;
22239;-86;-98;-154;-80;;;;;;;;;;
22302;-91;-98;-158;-80;;;;;;;;;;
22365;-93;-98;-158;-89;;;;;;;;;;
22428;-95;-98;-158;-89;;;;;;;;;;
22491;-100;-98;-158;-89;;;;;;;;;;
22554;-102;-98;-158;-89;;;;;;;;;;
22617;-105;-98;-158;-89;;;;;;;;;;
22680;-105;-98;-101;-89;;;;;;;;;;
22743;-105;-101;-101;-155;;;;;;;;;;
22806;-105;-101;-101;-155;;;;;;;;;;
22869;-105;-106;-101;-155;;;;;;;;;;
22932;-105;-108;-101;-155;;;;;;;;;;
22995;-105;-110;-97;-155;;;;;;;;;;
23058;-105;-110;-97;-110;;;;;;;;;;
23121;-105;-110;-97;-110;;;;;;;;;;
23184;-105;-110;-97;-110;;;;;;;;;;
23247;-106;-110;-132;-110;;;;;;;;;;
23310;-106;-110;-132;-110;;;;;;;;;;
23373;-110;-110;-132;-88;;;;;;;;;;
23436;-111;-110;-132;-88;;;;;;;;;;
23499;-113;-110;-132;-88;;;;;;;;;;
23562;-117;-110;-184;-88;;;;;;;;;;
23625;-120;-111;-184;-114;;;;;;;;;;
23688;-122;-112;-184;-114;;;;;;;;;;
23751;-128;-115;-184;-114;;;;;;;;;;
23814;-130;-117;-184;-114;;;;;;;;;;
23877;-132;-118;-35;-114;;;;;;;;;;
23940;-132;-119;-35;-94;;;;;;;;;;
24003;-132;-119;-35;-94;;;;;;;;;;
24066;-132;-119;-35;-94;;;;;;;;;;
24129;-132;-119;-35;-94;;;;;;;;;;
24192;-132;-119;0;-94;;;;;;;;;;
24255;-132;-119;0;-69;;;;;;;;;;
24318;-132;-119;0;-69;;;;;;;;;;
24381;-132;-119;0;-69;;;;;;;;;;
24444;-132;-119;0;-69;;;;;;;;;;
24507;-132;-119;-37;-69;;;;;;;;;;
24570;-132;-119;-37;0;;;;;;;;;;
24633;-132;-119;-37;0;;;;;;;;;;
24696;-132;-119;-37;0;;;;;;;;;;
24759;-132;-119;-37;0;;;;;;;;;;
24822;-132;-119;-37;0;;;;;;;;;;
24885;-132;-119;0;0;;;;;;;;;;
24948;-132;-119;0;0;;;;;;;;;;
25011;-132;-119;0;0;;;;;;;;;;
25074;-132;-119;0;0;;;;;;;;;;
25137;-132;-119;0;0;;;;;;;;;;
25200;-132;-119;0;0;;;;;;;;;;
25263;-132;-119;0;0;;;;;;;;;;
25326;-132;-119;0;0;;;;;;;;;;
25389;-132;-119;0;0;;;;;;;;;;
25452;-132;-119;0;0;;;;;;;;;;
25515;-132;-119;0;0;;;;;;;;;;
25578;-132;-119;0;0;;;;;;;;;;
25641;-132;-119;0;0;;;;;;;;;;
25704;-132;-119;0;0;;;;;;;;;;
25767;-132;-119;0;0;;;;;;;;;;
25830;-132;-119;0;0;;;;;;;;;;
25893;-132;-119;0;0;;;;;;;;;;
25956;-132;-119;0;0;;;;;;;;;;
26019;-132;-119;0;0;;;;;;;;;;
26082;-132;-119;0;0;;;;;;;;;;
26145;-132;-119;0;0;;;;;;;;;;
26208;-132;-119;0;0;;;;;;;;;;
26271;-132;-119;0;0;;;;;;;;;;
26334;-132;-119;0;0;;;;;;;;;;
26397;-132;-119;0;0;;;;;;;;;;
26460;-132;-119;0;0;;;;;;;;;;
26523;-132;-119;0;0;;;;;;;;;;
26586;-132;-119;0;0;;;;;;;;;;
26649;-132;-119;0;0;;;;;;;;;;
26712;-132;-119;0;0;;;;;;;;;;
26775;-132;-119;0;0;;;;;;;;;;
26838;-132;-119;0;0;;;;;;;;;;
26901;-132;-119;0;0;;;;;;;;;;
26964;-132;-119;0;0;;;;;;;;;;
27027;-132;-119;0;0;;;;;;;;;;
27090;-132;-119;0;0;;;;;;;;;;
27153;-132;-119;0;0;;;;;;;;;;
27216;-132;-119;0;0;;;;;;;;;;
27279;-132;-119;0;0;;;;;;;;;;
27342;-132;-119;0;0;;;;;;;;;;
27405;-132;-119;0;-71;;;;;;;;;;
27468;-132;-119;0;-71;;;;;;;;;;
27531;-132;-119;57;-71;;;;;;;;;;
27594;-132;-119;57;-71;;;;;;;;;;
27657;-132;-119;57;-71;;;;;;;;;;
27720;-132;-120;57;-120;;;;;;;;;;
27783;-132;-122;57;-120;;;;;;;;;;
27846;-127;-125;227;-120;;;;;;;;;;
27909;-124;-127;227;-120;;;;;;;;;;
27972;-120;-129;227;-120;;;;;;;;;;
28035;-117;-130;227;-62;;;;;;;;;;
28098;-111;-130;133;-62;;;;;;;;;;
28161;-109;-130;133;-62;;;;;;;;;;
28224;-107;-130;133;-62;;;;;;;;;;
28287;-106;-130;133;-62;;;;;;;;;;
28350;-102;-130;133;0;;;;;;;;;;
28413;-101;-130;0;0;;;;;;;;;;
28476;-101;-130;0;0;;;;;;;;;;
28539;-101;-130;-56;0;;;;;;;;;;
28602;-101;-130;-56;0;;;;;;;;;;
28665;-101;-130;-56;0;;;;;;;;;;
28728;-101;-130;-56;0;;;;;;;;;;
28791;-101;-130;-56;0;;;;;;;;;;
28854;-101;-130;-169;0;;;;;;;;;;
28917;-106;-130;-169;0;;;;;;;;;;
28980;-108;-130;-169;0;;;;;;;;;;
29043;-110;-130;-169;0;;;;;;;;;;
29106;-113;-130;-169;80;;;;;;;;;;
29169;-115;-130;-107;80;;;;;;;;;;
29232;-115;-130;-107;80;;;;;;;;;;
29295;-115;-130;-107;80;;;;;;;;;;
29358;-115;-130;-107;95;;;;;;;;;;
29421;-115;-130;-107;95;;;;;;;;;;
29484;-115;-130;-30;95;;;;;;;;;;
29547;-115;-130;-30;95;;;;;;;;;;
29610;-115;-130;-30;95;;;;;;;;;;
29673;-115;-127;-30;298;;;;;;;;;;
29736;-115;-124;-30;298;;;;;;;;;;
29799;-115;-120;-76;298;;;;;;;;;;
29862;-115;-116;-76;298;;;;;;;;;;
29925;-115;-109;-76;298;;;;;;;;;;
29988;-115;-107;-76;0;;;;;;;;;;
30051;-115;-107;-76;0;;;;;;;;;;
30114;-115;-107;-35;0;;;;;;;;;;
30177;-115;-107;-35;-97;;;;;;;;;;
30240;-115;-107;-35;-97;;;;;;;;;;
30303;-115;-107;-35;-97;;;;;;;;;;
30366;-115;-107;-43;-97;;;;;;;;;;
30429;-115;-107;-43;-97;;;;;;;;;;
30492;-115;-107;-43;-99;;;;;;;;;;
30555;-115;-107;-43;-99;;;;;;;;;;
30618;-115;-107;-43;-99;;;;;;;;;;
30681;-115;-107;0;-99;;;;;;;;;;
30744;-115;-107;0;-99;;;;;;;;;;
30807;-115;-108;0;-126;;;;;;;;;;
30870;-115;-109;0;-126;;;;;;;;;;
30933;-115;-113;0;-126;;;;;;;;;;
30996;-115;-114;0;-126;;;;;;;;;;
31059;-115;-118;0;-75;;;;;;;;;;
31122;-115;-118;0;-75;;;;;;;;;;
31185;-115;-118;0;-75;;;;;;;;;;
31248;-115;-118;0;-75;;;;;;;;;;
31311;-115;-118;-43;-75;;;;;;;;;;
31374;-115;-118;-43;-75;;;;;;;;;;
31437;-115;-118;-43;0;;;;;;;;;;
31500;-115;-118;-43;0;;;;;;;;;;
31563;-115;-118;-43;0;;;;;;;;;;
31626;-115;-118;-43;0;;;;;;;;;;
31689;-115;-118;-27;0;;;;;;;;;;
31752;-115;-118;-27;0;;;;;;;;;;
31815;-115;-118;-27;0;;;;;;;;;;
31878;-115;-118;-27;0;;;;;;;;;;
31941;-115;-118;0;0;;;;;;;;;;
32004;-115;-118;0;0;;;;;;;;;;
32067;-115;-118;0;-30;;;;;;;;;;
32130;-115;-118;0;-30;;;;;;;;;;
32193;-115;-118;49;-30;;;;;;;;;;
32256;-115;-118;49;-30;;;;;;;;;;
32319;-115;-118;49;-30;;;;;;;;;;
32382;-115;-118;49;-29;;;;;;;;;;
32445;-115;-118;49;-29;;;;;;;;;;
32508;-115;-118;112;-29;;;;;;;;;;
32571;-113;-118;112;-29;;;;;;;;;;
32634;-111;-118;112;-30;;;;;;;;;;
32697;-109;-118;112;-30;;;;;;;;;;
32760;-108;-118;112;-30;;;;;;;;;;
32823;-106;-118;113;-30;;;;;;;;;;
32886;-103;-118;113;-30;;;;;;;;;;
32949;-102;-118;113;0;;;;;;;;;;
33012;-100;-118;113;0;;;;;;;;;;
33075;-99;-118;113;0;;;;;;;;;;
33138;-97;-118;110;0;;;;;;;;;;
33201;-97;-118;110;0;;;;;;;;;;
33264;-97;-118;110;-28;;;;;;;;;;
33327;-97;-118;110;-28;;;;;;;;;;
33390;-97;-118;110;-28;;;;;;;;;;
33453;-95;-118;176;-28;;;;;;;;;;
33516;-93;-118;176;-28;;;;;;;;;;
33579;-90;-118;176;-28;;;;;;;;;;
33642;-85;-118;176;-44;;;;;;;;;;
33705;-83;-118;176;-44;;;;;;;;;;
33768;-80;-118;186;-44;;;;;;;;;;
33831;-78;-118;186;-44;;;;;;;;;;
33894;-73;-118;186;-27;;;;;;;;;;
33957;-70;-118;186;-27;;;;;;;;;;
34020;-68;-118;186;-27;;;;;;;;;;
34083;-65;-118;191;-27;;;;;;;;;;
34146;-62;-118;191;-27;;;;;;;;;;
34209;-55;-118;191;-28;;;;;;;;;;
34272;-52;-118;191;-28;;;;;;;;;;
34335;-49;-118;191;-28;;;;;;;;;;
34398;-42;-118;190;-28;;;;;;;;;;
34461;-39;-118;190;-28;;;;;;;;;;
34524;-36;-118;190;-27;;;;;;;;;;
34587;-30;-118;190;-27;;;;;;;;;;
34650;-30;-118;190;-27;;;;;;;;;;
34713;-24;-118;187;-27;;;;;;;;;;
34776;-22;-118;187;-27;;;;;;;;;;
34839;-19;-118;187;-33;;;;;;;;;;
34902;-14;-118;187;-33;;;;;;;;;;
34965;-11;-118;194;-33;;;;;;;;;;
35028;-8;-118;194;-33;;;;;;;;;;
35091;-5;-118;194;-33;;;;;;;;;;
35154;-2;-118;194;-49;;;;;;;;;;
35217;4;-118;194;-49;;;;;;;;;;
35280;7;-118;216;-49;;;;;;;;;;
35343;10;-118;216;-49;;;;;;;;;;
35406;17;-118;216;-44;;;;;;;;;;
35469;20;-118;216;-44;;;;;;;;;;
35532;23;-118;216;-44;;;;;;;;;;
35595;27;-118;216;-44;;;;;;;;;;
35658;29;-118;173;-44;;;;;;;;;;
35721;34;-118;173;-44;;;;;;;;;;
35784;37;-118;173;-60;;;;;;;;;;
35847;39;-118;173;-60;;;;;;;;;;
35910;44;-118;173;-60;;;;;;;;;;
35973;44;-118;173;-60;;;;;;;;;;
36036;48;-118;144;-60;;;;;;;;;;
36099;52;-118;144;-62;;;;;;;;;;
36162;54;-118;144;-62;;;;;;;;;;
36225;56;-118;144;-62;;;;;;;;;;
36288;59;-118;164;-62;;;;;;;;;;
36351;61;-118;164;-62;;;;;;;;;;
36414;64;-118;164;-61;;;;;;;;;;
36477;68;-118;164;-61;;;;;;;;;;
36540;71;-118;164;-61;;;;;;;;;;
36603;73;-118;152;-61;;;;;;;;;;
36666;77;-118;152;-63;;;;;;;;;;
36729;79;-118;152;-63;;;;;;;;;;
36792;81;-118;152;-63;;;;;;;;;;
36855;83;-118;152;-63;;;;;;;;;;
36918;87;-118;130;-63;;;;;;;;;;
36981;89;-118;130;-74;;;;;;;;;;
37044;90;-118;130;-74;;;;;;;;;;
37107;92;-118;130;-74;;;;;;;;;;
37170;95;-118;137;-74;;;;;;;;;;
37233;97;-118;137;-74;;;;;;;;;;
37296;99;-118;137;-82;;;;;;;;;;
37359;101;-118;137;-82;;;;;;;;;;
37422;105;-118;137;-82;;;;;;;;;;
37485;107;-118;118;-82;;;;;;;;;;
37548;109;-118;118;-82;;;;;;;;;;
37611;110;-118;118;-73;;;;;;;;;;
37674;112;-118;118;-73;;;;;;;;;;
37737;115;-118;118;-73;;;;;;;;;;
37800;116;-118;118;-73;;;;;;;;;;
37863;116;-118;44;-73;;;;;;;;;;
37926;116;-118;44;-73;;;;;;;;;;
37989;116;-118;44;-46;;;;;;;;;;
38052;116;-118;44;-46;;;;;;;;;;
38115;116;-118;44;-46;;;;;;;;;;
38178;116;-118;0;-46;;;;;;;;;;
38241;116;-118;0;0;;;;;;;;;;
38304;116;-118;0;0;;;;;;;;;;
38367;116;-118;0;0;;;;;;;;;;
38430;116;-118;0;0;;;;;;;;;;
38493;116;-118;0;0;;;;;;;;;;
38556;116;-118;0;0;;;;;;;;;;
38619;116;-118;0;0;;;;;;;;;;
38682;116;-118;0;0;;;;;;;;;;
38745;116;-118;0;0;;;;;;;;;;
38808;116;-118;0;0;;;;;;;;;;
38871;116;-118;0;0;;;;;;;;;;
38934;116;-118;0;0;;;;;;;;;;
38997;116;-118;0;0;;;;;;;;;;
39060;116;-118;0;0;;;;;;;;;;
39123;116;-118;0;0;;;;;;;;;;
39186;116;-118;0;31;;;;;;;;;;
39249;116;-118;0;31;;;;;;;;;;
39312;116;-118;0;31;;;;;;;;;;
39375;116;-118;0;31;;;;;;;;;;
39438;116;-118;-34;31;;;;;;;;;;
39501;116;-118;-34;31;;;;;;;;;;
39564;116;-118;-34;80;;;;;;;;;;
39627;116;-118;-34;80;;;;;;;;;;
39690;116;-118;-34;80;;;;;;;;;;
39753;116;-118;-54;80;;;;;;;;;;
39816;116;-118;-54;156;;;;;;;;;;
39879;116;-116;-54;156;;;;;;;;;;
39942;116;-114;-54;156;;;;;;;;;;
40005;116;-110;-54;156;;;;;;;;;;
40068;116;-108;-54;156;;;;;;;;;;
40131;116;-106;-39;156;;;;;;;;;;
40194;116;-105;-39;0;;;;;;;;;;
40257;116;-105;-39;0;;;;;;;;;;
40320;116;-105;-39;0;;;;;;;;;;
40383;116;-105;-39;0;;;;;;;;;;
40446;116;-105;-90;-98;;;;;;;;;;
40509;116;-105;-90;-98;;;;;;;;;;
40572;116;-105;-90;-98;;;;;;;;;;
40635;116;-105;-90;-98;;;;;;;;;;
40698;116;-105;-90;-98;;;;;;;;;;
40761;116;-107;-61;-147;;;;;;;;;;
40824;116;-109;-61;-147;;;;;;;;;;
40887;116;-111;-61;-147;;;;;;;;;;
40950;116;-113;-61;-147;;;;;;;;;;
41013;116;-117;-38;-147;;;;;;;;;;
41076;116;-118;-38;-60;;;;;;;;;;
41139;116;-118;-38;-60;;;;;;;;;;
41202;116;-118;-38;-60;;;;;;;;;;
41265;116;-118;-38;-60;;;;;;;;;;
41328;116;-118;-45;-60;;;;;;;;;;
41391;116;-118;-45;71;;;;;;;;;;
41454;116;-118;-45;71;;;;;;;;;;
41517;116;-118;-45;71;;;;;;;;;;
41580;116;-118;-45;71;;;;;;;;;;
41643;116;-118;-145;71;;;;;;;;;;
41706;114;-118;-145;71;;;;;;;;;;
41769;110;-116;-145;150;;;;;;;;;;
41832;108;-114;-145;150;;;;;;;;;;
41895;104;-110;-163;150;;;;;;;;;;
41958;102;-108;-163;150;;;;;;;;;;
42021;99;-106;-163;0;;;;;;;;;;
42084;97;-106;-163;0;;;;;;;;;;
42147;95;-106;-163;0;;;;;;;;;;
42210;90;-106;-163;0;;;;;;;;;;
42273;90;-106;-39;0;;;;;;;;;;
42336;90;-106;-39;-41;;;;;;;;;;
42399;90;-106;-39;-41;;;;;;;;;;
42462;90;-106;-39;-41;;;;;;;;;;
42525;90;-106;-39;-41;;;;;;;;;;
42588;90;-106;-96;-41;;;;;;;;;;
42651;90;-106;-96;0;;;;;;;;;;
42714;90;-106;-96;31;;;;;;;;;;
42777;90;-106;-96;31;;;;;;;;;;
42840;90;-106;-96;31;;;;;;;;;;
42903;90;-106;-51;31;;;;;;;;;;
42966;90;-106;-51;31;;;;;;;;;;
43029;90;-106;-51;71;;;;;;;;;;
43092;90;-106;-51;71;;;;;;;;;;
43155;90;-106;-51;71;;;;;;;;;;
43218;86;-106;-155;71;;;;;;;;;;
43281;84;-104;-155;170;;;;;;;;;;
43344;82;-102;-155;170;;;;;;;;;;
43407;80;-99;-155;170;;;;;;;;;;
43470;76;-94;-92;170;;;;;;;;;;
43533;76;-92;-92;170;;;;;;;;;;
43596;76;-90;-92;0;;;;;;;;;;
43659;76;-90;-92;0;;;;;;;;;;
43722;76;-90;-92;0;;;;;;;;;;
43785;75;-90;-141;0;;;;;;;;;;
43848;73;-90;-141;0;;;;;;;;;;
43911;69;-88;-141;145;;;;;;;;;;
43974;67;-86;-141;145;;;;;;;;;;
44037;65;-84;-141;145;;;;;;;;;;
44100;63;-82;-250;145;;;;;;;;;;
44163;59;-80;-250;145;;;;;;;;;;
44226;54;-78;-250;170;;;;;;;;;;
44289;45;-73;-250;170;;;;;;;;;;
44352;40;-71;-250;170;;;;;;;;;;
44415;33;-66;-182;170;;;;;;;;;;
44478;31;-64;-182;170;;;;;;;;;;
44541;28;-64;-182;77;;;;;;;;;;
44604;25;-64;-182;77;;;;;;;;;;
44667;22;-64;-182;77;;;;;;;;;;
44730;16;-64;-234;77;;;;;;;;;;
44793;12;-64;-234;77;;;;;;;;;;
44856;8;-62;-234;188;;;;;;;;;;
44919;1;-57;-234;188;;;;;;;;;;
44982;-2;-54;-234;188;;;;;;;;;;
45045;-5;-51;-119;188;;;;;;;;;;
45108;-6;-49;-119;188;;;;;;;;;;
45171;-8;-47;-119;0;;;;;;;;;;
45234;-11;-47;-119;0;;;;;;;;;;
45297;-12;-47;-119;0;;;;;;;;;;
45360;-13;-47;-81;0;;;;;;;;;;
45423;-13;-47;-81;0;;;;;;;;;;
45486;-13;-47;-81;60;;;;;;;;;;
45549;-13;-47;-81;60;;;;;;;;;;
45612;-13;-47;-81;60;;;;;;;;;;
45675;-13;-47;-75;60;;;;;;;;;;
45738;-13;-47;-75;102;;;;;;;;;;
45801;-13;-47;-75;102;;;;;;;;;;
45864;-13;-47;-75;102;;;;;;;;;;
45927;-13;-47;-75;102;;;;;;;;;;
45990;-13;-47;-52;102;;;;;;;;;;
46053;-13;-47;-52;97;;;;;;;;;;
46116;-13;-47;-52;97;;;;;;;;;;
46179;-13;-47;-52;97;;;;;;;;;;
46242;-13;-47;-52;97;;;;;;;;;;
46305;-13;-47;-39;97;;;;;;;;;;
46368;-13;-47;-39;89;;;;;;;;;;
46431;-13;-47;-39;89;;;;;;;;;;
46494;-13;-47;-39;89;;;;;;;;;;
46557;-13;-47;-39;89;;;;;;;;;;
46620;-13;-47;-26;89;;;;;;;;;;
46683;-13;-47;-26;89;;;;;;;;;;
46746;-13;-47;-26;100;;;;;;;;;;
46809;-13;-47;-26;100;;;;;;;;;;
46872;-13;-47;-26;100;;;;;;;;;;
46935;-13;-47;0;100;;;;;;;;;;
46998;-13;-46;0;112;;;;;;;;;;
47061;-13;-45;0;112;;;;;;;;;;
47124;-13;-43;0;112;;;;;;;;;;
47187;-13;-42;0;112;;;;;;;;;;
47250;-13;-39;-30;112;;;;;;;;;;
47313;-13;-38;-30;101;;;;;;;;;;
47376;-13;-38;-30;101;;;;;;;;;;
47439;-13;-38;-30;101;;;;;;;;;;
47502;-13;-38;-30;101;;;;;;;;;;
47565;-13;-38;-44;101;;;;;;;;;;
47628;-13;-37;-44;135;;;;;;;;;;
47691;-13;-35;-44;135;;;;;;;;;;
47754;-13;-33;-44;135;;;;;;;;;;
47817;-13;-31;-44;135;;;;;;;;;;
47880;-13;-27;-59;135;;;;;;;;;;
47943;-13;-25;-59;133;;;;;;;;;;
48006;-13;-22;-59;133;;;;;;;;;;
48069;-13;-20;-59;133;;;;;;;;;;
48132;-13;-18;-69;133;;;;;;;;;;
48195;-13;-15;-69;107;;;;;;;;;;
48258;-13;-15;-69;107;;;;;;;;;;
48321;-13;-15;-69;107;;;;;;;;;;
48384;-13;-15;-69;107;;;;;;;;;;
48447;-13;-15;-100;107;;;;;;;;;;
48510;-13;-15;-100;107;;;;;;;;;;
48573;-13;-10;-100;250;;;;;;;;;;
48636;-13;-5;-100;250;;;;;;;;;;
48699;-13;3;-100;250;;;;;;;;;;
48762;-14;8;-118;250;;;;;;;;;;
48825;-16;13;-118;250;;;;;;;;;;
48888;-18;15;-118;122;;;;;;;;;;
48951;-19;17;-118;122;;;;;;;;;;
49014;-22;20;-118;122;;;;;;;;;;
49077;-22;22;-88;122;;;;;;;;;;
49140;-22;23;-88;122;;;;;;;;;;
49203;-22;24;-88;0;;;;;;;;;;
49266;-22;24;-88;0;;;;;;;;;;
49329;-22;24;-88;0;;;;;;;;;;
49392;-22;24;-79;0;;;;;;;;;;
49455;-22;24;-79;0;;;;;;;;;;
49518;-22;29;-79;220;;;;;;;;;;
49581;-22;32;-79;220;;;;;;;;;;
49644;-22;35;-79;220;;;;;;;;;;
49707;-25;42;-125;220;;;;;;;;;;
49770;-27;43;-125;63;;;;;;;;;;
49833;-28;43;-125;63;;;;;;;;;;
49896;-30;43;-125;63;;;;;;;;;;
49959;-33;43;-110;63;;;;;;;;;;
50022;-33;43;-110;63;;;;;;;;;;
50085;-33;43;-110;32;;;;;;;;;;
50148;-33;43;-110;32;;;;;;;;;;
50211;-33;43;-110;32;;;;;;;;;;
50274;-33;43;-116;32;;;;;;;;;;
50337;-35;43;-116;32;;;;;;;;;;
50400;-36;43;-116;32;;;;;;;;;;
50463;-40;47;-116;230;;;;;;;;;;
50526;-41;50;-116;230;;;;;;;;;;
50589;-43;53;-153;230;;;;;;;;;;
50652;-45;57;-153;230;;;;;;;;;;
50715;-49;63;-153;0;;;;;;;;;;
50778;-52;63;-153;0;;;;;;;;;;
50841;-54;63;-153;0;;;;;;;;;;
50904;-56;63;-80;0;;;;;;;;;;
50967;-57;63;-80;0;;;;;;;;;;
51030;-57;63;-80;0;;;;;;;;;;
51093;-57;63;-80;46;;;;;;;;;;
51156;-57;63;-80;46;;;;;;;;;;
51219;-57;63;-80;46;;;;;;;;;;
51282;-62;63;-196;46;;;;;;;;;;
51345;-65;63;-196;46;;;;;;;;;;
51408;-68;65;-196;296;;;;;;;;;;
51471;-75;72;-196;296;;;;;;;;;;
51534;-77;76;-157;296;;;;;;;;;;
51597;-80;81;-157;296;;;;;;;;;;
51660;-82;85;-157;296;;;;;;;;;;
51723;-86;87;-157;0;;;;;;;;;;
51786;-89;87;-157;0;;;;;;;;;;
51849;-90;87;-55;0;;;;;;;;;;
51912;-90;87;-55;0;;;;;;;;;;
51975;-90;87;-55;0;;;;;;;;;;
52038;-90;87;-55;42;;;;;;;;;;
52101;-90;87;-55;42;;;;;;;;;;
52164;-90;87;-55;42;;;;;;;;;;
52227;-91;87;-150;42;;;;;;;;;;
52290;-95;88;-150;242;;;;;;;;;;
52353;-97;92;-150;242;;;;;;;;;;
52416;-99;96;-150;242;;;;;;;;;;
52479;-102;104;-75;242;;;;;;;;;;
52542;-102;107;-75;242;;;;;;;;;;
52605;-102;111;-75;0;;;;;;;;;;
52668;-102;111;-75;-57;;;;;;;;;;
52731;-102;111;-75;-57;;;;;;;;;;
52794;-102;111;-75;-57;;;;;;;;;;
52857;-102;111;-75;-57;;;;;;;;;;
52920;-102;111;-75;-57;;;;;;;;;;
52983;-102;111;-75;0;;;;;;;;;;
53046;-102;111;-75;0;;;;;;;;;;
53109;-102;111;-136;0;;;;;;;;;;
53172;-104;111;-136;0;;;;;;;;;;
53235;-106;111;-136;0;;;;;;;;;;
53298;-110;114;-136;121;;;;;;;;;;
53361;-111;115;-136;121;;;;;;;;;;
53424;-113;117;-136;121;;;;;;;;;;
53487;-115;119;-122;121;;;;;;;;;;
53550;-117;121;-122;121;;;;;;;;;;
53613;-120;121;-122;-54;;;;;;;;;;
53676;-122;121;-122;-54;;;;;;;;;;
53739;-123;121;-122;-54;;;;;;;;;;
53802;-124;121;-42;-54;;;;;;;;;;
53865;-124;121;-42;-54;;;;;;;;;;
53928;-124;121;-42;-101;;;;;;;;;;
53991;-124;121;-42;-101;;;;;;;;;;
54054;-124;121;0;-101;;;;;;;;;;
54117;-124;121;0;-101;;;;;;;;;;
54180;-124;121;0;-101;;;;;;;;;;
54243;-124;121;0;-62;;;;;;;;;;
54306;-124;121;0;-62;;;;;;;;;;
54369;-124;121;0;-62;;;;;;;;;;
54432;-124;121;0;-62;;;;;;;;;;
54495;-124;121;0;-62;;;;;;;;;;
54558;-124;121;0;-29;;;;;;;;;;
54621;-124;121;0;-29;;;;;;;;;;
54684;-124;121;0;-29;;;;;;;;;;
54747;-124;121;0;-29;;;;;;;;;;
54810;-124;121;0;0;;;;;;;;;;
54873;-124;121;0;0;;;;;;;;;;
54936;-124;121;0;0;;;;;;;;;;
54999;-124;121;0;0;;;;;;;;;;
55062;-124;121;0;0;;;;;;;;;;
55125;-124;121;0;0;;;;;;;;;;
55188;-124;121;0;0;;;;;;;;;;
55251;-124;121;0;0;;;;;;;;;;
55314;-124;121;0;0;;;;;;;;;;
55377;-124;121;0;0;;;;;;;;;;
55440;-124;121;0;0;;;;;;;;;;
55503;-124;121;0;0;;;;;;;;;;
55566;-124;121;0;0;;;;;;;;;;
55629;-124;121;0;0;;;;;;;;;;
55692;-124;121;0;0;;;;;;;;;;
55755;-124;121;0;0;;;;;;;;;;
55818;-124;121;0;0;;;;;;;;;;
55881;-124;121;0;0;;;;;;;;;;
55944;-124;121;0;0;;;;;;;;;;
56007;-124;121;0;0;;;;;;;;;;
56070;-124;119;0;-167;;;;;;;;;;
56133;-124;117;0;-167;;;;;;;;;;
56196;-124;114;0;-167;;;;;;;;;;
56259;-124;109;42;-167;;;;;;;;;;
56322;-124;107;42;-167;;;;;;;;;;
56385;-124;103;42;-277;;;;;;;;;;
56448;-124;99;42;-277;;;;;;;;;;
56511;-124;94;42;-277;;;;;;;;;;
56574;-124;89;45;-277;;;;;;;;;;
56637;-124;80;45;-277;;;;;;;;;;
56700;-124;76;45;-165;;;;;;;;;;
56763;-124;71;45;-165;;;;;;;;;;
56826;-124;68;38;-165;;;;;;;;;;
56889;-124;66;38;-165;;;;;;;;;;
56952;-124;60;38;-205;;;;;;;;;;
57015;-124;57;38;-205;;;;;;;;;;
57078;-124;54;38;-205;;;;;;;;;;
57141;-124;50;95;-205;;;;;;;;;;
57204;-124;47;95;-205;;;;;;;;;;
57267;-124;41;95;-220;;;;;;;;;;
57330;-124;37;95;-220;;;;;;;;;;
57393;-124;34;95;-220;;;;;;;;;;
57456;-124;31;95;-220;;;;;;;;;;
57519;-124;27;65;-220;;;;;;;;;;
57582;-124;21;65;-220;;;;;;;;;;
57645;-124;17;65;-204;;;;;;;;;;
57708;-124;14;65;-204;;;;;;;;;;
57771;-124;11;65;-204;;;;;;;;;;
57834;-124;4;72;-204;;;;;;;;;;
57897;-124;1;72;-204;;;;;;;;;;
57960;-124;-1;72;-198;;;;;;;;;;
58023;-124;-5;72;-198;;;;;;;;;;
58086;-124;-8;72;-198;;;;;;;;;;
58149;-124;-15;50;-198;;;;;;;;;;
58212;-124;-18;50;-198;;;;;;;;;;
58275;-124;-24;50;-194;;;;;;;;;;
58338;-124;-28;50;-194;;;;;;;;;;
58401;-124;-31;34;-194;;;;;;;;;;
58464;-124;-38;34;-194;;;;;;;;;;
58527;-124;-41;34;-185;;;;;;;;;;
58590;-124;-43;34;-185;;;;;;;;;;
58653;-124;-46;34;-185;;;;;;;;;;
58716;-124;-48;28;-185;;;;;;;;;;
58779;-124;-51;28;-185;;;;;;;;;;
58842;-124;-56;28;-173;;;;;;;;;;
58905;-124;-61;28;-173;;;;;;;;;;
58968;-124;-64;40;-173;;;;;;;;;;
59031;-124;-66;40;-173;;;;;;;;;;
59094;-124;-71;40;-165;;;;;;;;;;
59157;-124;-76;40;-165;;;;;;;;;;
59220;-124;-79;30;-165;;;;;;;;;;
59283;-124;-84;30;-165;;;;;;;;;;
59346;-124;-89;30;-148;;;;;;;;;;
59409;-124;-91;30;-148;;;;;;;;;;
59472;-124;-95;32;-148;;;;;;;;;;
59535;-124;-97;32;-148;;;;;;;;;;
59598;-124;-101;32;-148;;;;;;;;;;
59661;-124;-103;32;-126;;;;;;;;;;
59724;-124;-105;32;-126;;;;;;;;;;
59787;-124;-108;0;-126;;;;;;;;;;
59850;-124;-110;0;-126;;;;;;;;;;
59913;-124;-111;0;-126;;;;;;;;;;
59976;-124;-112;0;-109;;;;;;;;;;
60039;-124;-112;0;-109;;;;;;;;;;
60102;-124;-112;36;-109;;;;;;;;;;
60165;-124;-112;36;-109;;;;;;;;;;
60228;-124;-112;36;-109;;;;;;;;;;
60291;-124;-113;36;-116;;;;;;;;;;
60354;-124;-116;58;-116;;;;;;;;;;
60417;-124;-117;58;-116;;;;;;;;;;
60480;-124;-119;58;-116;;;;;;;;;;
60543;-124;-121;58;-101;;;;;;;;;;
60606;-124;-121;58;-101;;;;;;;;;;
60669;-124;-121;0;-101;;;;;;;;;;
60732;-124;-121;0;-101;;;;;;;;;;
60795;-124;-121;0;-101;;;;;;;;;;
60858;-124;-121;0;-101;;;;;;;;;;
60921;-124;-121;0;0;;;;;;;;;;
60984;-124;-121;0;0;;;;;;;;;;
61047;-124;-121;0;0;;;;;;;;;;
61110;-124;-121;0;0;;;;;;;;;;
61173;-124;-121;0;0;;;;;;;;;;
61236;-124;-121;0;0;;;;;;;;;;
61299;-124;-121;0;0;;;;;;;;;;
61362;-124;-121;0;0;;;;;;;;;;
61425;-124;-121;0;0;;;;;;;;;;
61488;-124;-121;0;0;;;;;;;;;;
61551;-124;-121;0;0;;;;;;;;;;
61614;-124;-121;0;0;;;;;;;;;;
61677;-124;-121;0;0;;;;;;;;;;
61740;-124;-121;0;0;;;;;;;;;;
61803;-124;-121;0;0;;;;;;;;;;
61866;-124;-121;0;0;;;;;;;;;;
61929;-124;-121;0;0;;;;;;;;;;
61992;-124;-121;0;0;;;;;;;;;;
62055;-124;-121;0;0;;;;;;;;;;
62118;-124;-121;0;0;;;;;;;;;;
62181;-124;-121;0;0;;;;;;;;;;
62244;-124;-121;0;0;;;;;;;;;;
62307;-124;-121;0;-40;;;;;;;;;;
62370;-124;-121;0;-40;;;;;;;;;;
62433;-124;-121;76;-40;;;;;;;;;;
62496;-124;-121;76;-40;;;;;;;;;;
62559;-124;-121;76;-40;;;;;;;;;;
62622;-124;-121;76;-72;;;;;;;;;;
62685;-123;-121;262;-72;;;;;;;;;;
62748;-118;-121;262;-72;;;;;;;;;;
62811;-113;-121;262;-72;;;;;;;;;;
62874;-109;-121;262;-72;;;;;;;;;;
62937;-104;-121;262;-69;;;;;;;;;;
63000;-99;-121;262;-69;;;;;;;;;;
63063;-95;-121;276;-69;;;;;;;;;;
63126;-85;-121;276;-69;;;;;;;;;;
63189;-76;-121;276;-48;;;;;;;;;;
63252;-71;-121;276;-48;;;;;;;;;;
63315;-66;-121;250;-48;;;;;;;;;;
63378;-62;-121;250;-48;;;;;;;;;;
63441;-57;-121;250;-48;;;;;;;;;;
63504;-52;-121;250;-48;;;;;;;;;;
63567;-48;-121;250;-47;;;;;;;;;;
63630;-38;-121;292;-47;;;;;;;;;;
63693;-31;-121;292;-47;;;;;;;;;;
63756;-27;-121;292;-47;;;;;;;;;;
63819;-24;-121;292;-47;;;;;;;;;;
63882;-20;-121;292;-39;;;;;;;;;;
63945;-16;-121;292;-39;;;;;;;;;;
64008;-9;-121;313;-39;;;;;;;;;;
64071;-5;-121;313;-39;;;;;;;;;;
64134;-2;-121;313;-39;;;;;;;;;;
64197;1;-121;313;-35;;;;;;;;;;
64260;5;-121;313;-35;;;;;;;;;;
64323;12;-121;312;-35;;;;;;;;;;
64386;15;-121;312;-35;;;;;;;;;;
64449;19;-121;312;-35;;;;;;;;;;
64512;26;-121;312;-37;;;;;;;;;;
64575;34;-121;316;-37;;;;;;;;;;
64638;37;-121;316;-37;;;;;;;;;;
64701;41;-121;316;-37;;;;;;;;;;
64764;48;-121;316;-31;;;;;;;;;;
64827;52;-121;302;-31;;;;;;;;;;
64890;56;-121;302;-31;;;;;;;;;;
64953;59;-121;302;-31;;;;;;;;;;
65016;67;-121;302;-26;;;;;;;;;;
65079;74;-121;259;-26;;;;;;;;;;
65142;79;-121;259;-26;;;;;;;;;;
65205;88;-121;259;-26;;;;;;;;;;
65268;93;-121;259;0;;;;;;;;;;
65331;98;-121;259;0;;;;;;;;;;
65394;102;-121;217;0;;;;;;;;;;
65457;109;-121;217;0;;;;;;;;;;
65520;112;-121;217;0;;;;;;;;;;
65583;119;-121;217;0;;;;;;;;;;
65646;123;-121;112;0;;;;;;;;;;
65709;125;-121;112;0;;;;;;;;;;
65772;128;-121;112;0;;;;;;;;;;
65835;131;-121;112;0;;;;;;;;;;
65898;132;-121;112;0;;;;;;;;;;
65961;132;-121;0;0;;;;;;;;;;
66024;132;-121;-33;0;;;;;;;;;;
66087;132;-121;-33;0;;;;;;;;;;
66150;132;-121;-33;0;;;;;;;;;;
66213;132;-121;-33;0;;;;;;;;;;
66276;132;-121;-31;0;;;;;;;;;;
66339;132;-121;-31;0;;;;;;;;;;
66402;132;-121;-31;0;;;;;;;;;;
66465;132;-121;-31;0;;;;;;;;;;
66528;132;-121;-31;0;;;;;;;;;;
66591;132;-121;-41;0;;;;;;;;;;
66654;132;-121;-41;0;;;;;;;;;;
66717;132;-121;-41;0;;;;;;;;;;
66780;132;-121;-41;0;;;;;;;;;;
66843;132;-121;-41;0;;;;;;;;;;
66906;132;-121;-49;0;;;;;;;;;;
66969;132;-121;-49;0;;;;;;;;;;
67032;132;-121;-49;0;;;;;;;;;;
67095;132;-121;-49;0;;;;;;;;;;
67158;132;-121;-66;0;;;;;;;;;;
67221;132;-121;-66;0;;;;;;;;;;
67284;132;-121;-66;0;;;;;;;;;;
67347;132;-121;-66;0;;;;;;;;;;
67410;132;-121;-56;0;;;;;;;;;;
67473;132;-121;-56;0;;;;;;;;;;
67536;132;-121;-56;0;;;;;;;;;;
67599;132;-121;-56;0;;;;;;;;;;
67662;132;-121;-51;0;;;;;;;;;;
67725;132;-121;-51;0;;;;;;;;;;
67788;132;-121;-51;0;;;;;;;;;;
67851;132;-121;-51;0;;;;;;;;;;
67914;132;-121;-39;0;;;;;;;;;;
67977;132;-121;-39;0;;;;;;;;;;
68040;132;-121;-39;0;;;;;;;;;;
68103;132;-121;0;0;;;;;;;;;;
68166;132;-121;0;0;;;;;;;;;;
68229;132;-121;0;0;;;;;;;;;;
68292;132;-121;0;0;;;;;;;;;;
68355;132;-121;0;0;;;;;;;;;;
68418;132;-121;-65;0;;;;;;;;;;
68481;132;-121;-65;0;;;;;;;;;;
68544;132;-121;-65;0;;;;;;;;;;
68607;132;-121;-65;0;;;;;;;;;;
68670;132;-121;-74;0;;;;;;;;;;
68733;132;-121;-74;0;;;;;;;;;;
68796;132;-121;-74;0;;;;;;;;;;
68859;132;-121;-74;0;;;;;;;;;;
68922;132;-121;-74;0;;;;;;;;;;
68985;132;-121;-128;0;;;;;;;;;;
69048;130;-121;-128;0;;;;;;;;;;
69111;129;-121;-128;0;;;;;;;;;;
69174;125;-121;-128;28;;;;;;;;;;
69237;124;-121;-128;28;;;;;;;;;;
69300;122;-121;-95;28;;;;;;;;;;
69363;122;-121;-95;28;;;;;;;;;;
69426;122;-121;-95;0;;;;;;;;;;
69489;122;-121;-95;0;;;;;;;;;;
69552;122;-121;-31;0;;;;;;;;;;
69615;122;-121;-31;0;;;;;;;;;;
69678;122;-121;-31;0;;;;;;;;;;
69741;122;-121;-31;75;;;;;;;;;;
69804;122;-121;-74;75;;;;;;;;;;
69867;122;-121;-74;75;;;;;;;;;;
69930;122;-121;-74;75;;;;;;;;;;
69993;122;-119;-74;178;;;;;;;;;;
70056;122;-117;-74;178;;;;;;;;;;
70119;121;-114;-114;178;;;;;;;;;;
70182;118;-109;-114;178;;;;;;;;;;
70245;117;-107;-114;178;;;;;;;;;;
70308;115;-105;-114;0;;;;;;;;;;
70371;114;-105;-114;0;;;;;;;;;;
70434;111;-105;-106;0;;;;;;;;;;
70497;111;-105;-106;0;;;;;;;;;;
70560;111;-105;-106;0;;;;;;;;;;
70623;111;-105;-106;0;;;;;;;;;;
70686;111;-105;-106;0;;;;;;;;;;
70749;111;-105;-106;0;;;;;;;;;;
70812;111;-105;-85;0;;;;;;;;;;
70875;111;-105;-85;123;;;;;;;;;;
70938;111;-103;-85;123;;;;;;;;;;
71001;111;-100;-122;123;;;;;;;;;;
71064;109;-98;-122;123;;;;;;;;;;
71127;106;-95;-122;71;;;;;;;;;;
71190;104;-95;-122;71;;;;;;;;;;
71253;103;-95;-122;71;;;;;;;;;;
71316;101;-95;-131;71;;;;;;;;;;
71379;97;-95;-131;71;;;;;;;;;;
71442;96;-95;-131;0;;;;;;;;;;
71505;94;-95;-131;0;;;;;;;;;;
71568;92;-95;-131;0;;;;;;;;;;
71631;90;-95;-131;0;;;;;;;;;;
71694;90;-95;-80;0;;;;;;;;;;
71757;90;-95;-80;0;;;;;;;;;;
71820;90;-94;-80;145;;;;;;;;;;
71883;90;-92;-80;145;;;;;;;;;;
71946;90;-87;-71;145;;;;;;;;;;
72009;90;-85;-71;145;;;;;;;;;;
72072;90;-83;-71;145;;;;;;;;;;
72135;90;-83;-71;96;;;;;;;;;;
72198;90;-83;-71;96;;;;;;;;;;
72261;90;-83;-106;96;;;;;;;;;;
72324;90;-83;-106;96;;;;;;;;;;
72387;90;-83;-106;96;;;;;;;;;;
72450;90;-83;-106;69;;;;;;;;;;
72513;90;-83;-106;69;;;;;;;;;;
72576;90;-83;-110;69;;;;;;;;;;
72639;90;-83;-110;69;;;;;;;;;;
72702;90;-82;-110;189;;;;;;;;;;
72765;90;-79;-110;189;;;;;;;;;;
72828;90;-76;-110;189;;;;;;;;;;
72891;90;-73;-109;189;;;;;;;;;;
72954;90;-67;-109;189;;;;;;;;;;
73017;90;-64;-109;0;;;;;;;;;;
73080;90;-64;-109;0;;;;;;;;;;
73143;90;-64;-109;0;;;;;;;;;;
73206;89;-64;-115;0;;;;;;;;;;
73269;87;-64;-115;0;;;;;;;;;;
73332;86;-64;-115;0;;;;;;;;;;
73395;84;-64;-115;0;;;;;;;;;;
73458;81;-64;-103;0;;;;;;;;;;
73521;81;-64;-103;0;;;;;;;;;;
73584;81;-64;-103;0;;;;;;;;;;
73647;81;-64;-103;0;;;;;;;;;;
73710;81;-64;-103;0;;;;;;;;;;
73773;80;-64;-114;0;;;;;;;;;;
73836;78;-64;-114;0;;;;;;;;;;
73899;77;-64;-114;0;;;;;;;;;;
73962;74;-64;-114;100;;;;;;;;;;
74025;72;-64;-114;100;;;;;;;;;;
74088;70;-64;-182;100;;;;;;;;;;
74151;67;-64;-182;100;;;;;;;;;;
74214;61;-63;-182;146;;;;;;;;;;
74277;59;-61;-182;146;;;;;;;;;;
74340;56;-59;-182;146;;;;;;;;;;
74403;56;-55;-72;146;;;;;;;;;;
74466;56;-53;-72;146;;;;;;;;;;
74529;56;-52;-72;0;;;;;;;;;;
74592;56;-52;-72;0;;;;;;;;;;
74655;55;-52;-120;0;;;;;;;;;;
74718;53;-52;-120;0;;;;;;;;;;
74781;51;-52;-120;0;;;;;;;;;;
74844;48;-50;-120;117;;;;;;;;;;
74907;46;-48;-120;117;;;;;;;;;;
74970;44;-47;-169;117;;;;;;;;;;
75033;39;-44;-169;117;;;;;;;;;;
75096;37;-42;-169;132;;;;;;;;;;
75159;34;-40;-169;132;;;;;;;;;;
75222;30;-37;-112;132;;;;;;;;;;
75285;28;-35;-112;132;;;;;;;;;;
75348;27;-34;-112;132;;;;;;;;;;
75411;24;-32;-112;67;;;;;;;;;;
75474;21;-32;-112;67;;;;;;;;;;
75537;19;-32;-112;67;;;;;;;;;;
75600;18;-32;-112;67;;;;;;;;;;
75663;16;-32;-112;121;;;;;;;;;;
75726;13;-28;-112;121;;;;;;;;;;
75789;12;-27;-110;121;;;;;;;;;;
75852;12;-25;-110;121;;;;;;;;;;
75915;12;-20;-110;118;;;;;;;;;;
75978;12;-19;-110;118;;;;;;;;;;
76041;12;-17;-110;118;;;;;;;;;;
76104;12;-16;-75;118;;;;;;;;;;
76167;12;-13;-75;118;;;;;;;;;;
76230;12;-12;-75;55;;;;;;;;;;
76293;12;-12;-75;55;;;;;;;;;;
76356;12;-12;-75;55;;;;;;;;;;
76419;12;-12;-106;55;;;;;;;;;;
76482;12;-12;-106;55;;;;;;;;;;
76545;12;-12;-106;55;;;;;;;;;;
76608;12;-11;-106;188;;;;;;;;;;
76671;12;-9;-106;188;;;;;;;;;;
76734;9;-3;-122;188;;;;;;;;;;
76797;8;-1;-122;188;;;;;;;;;;
76860;4;2;-122;27;;;;;;;;;;
76923;2;2;-122;27;;;;;;;;;;
76986;1;2;-99;-33;;;;;;;;;;
77049;1;2;-99;-33;;;;;;;;;;
77112;1;2;-99;-33;;;;;;;;;;
77175;1;2;-99;-33;;;;;;;;;;
77238;1;2;-122;-33;;;;;;;;;;
77301;-2;2;-122;0;;;;;;;;;;
77364;-3;2;-122;0;;;;;;;;;;
77427;-7;5;-122;154;;;;;;;;;;
77490;-11;9;-172;154;;;;;;;;;;
77553;-16;13;-172;154;;;;;;;;;;
77616;-18;16;-172;34;;;;;;;;;;
77679;-25;16;-116;34;;;;;;;;;;
77742;-26;16;-116;34;;;;;;;;;;
77805;-29;16;-116;34;;;;;;;;;;
77868;-32;16;-116;92;;;;;;;;;;
77931;-34;16;-153;92;;;;;;;;;;
77994;-37;16;-153;92;;;;;;;;;;
78057;-41;16;-153;92;;;;;;;;;;
78120;-43;18;-153;209;;;;;;;;;;
78183;-46;25;-103;209;;;;;;;;;;
78246;-46;31;-103;209;;;;;;;;;;
78309;-46;34;-103;209;;;;;;;;;;
78372;-46;36;-103;30;;;;;;;;;;
78435;-46;36;-89;30;;;;;;;;;;
78498;-46;36;-89;30;;;;;;;;;;
78561;-46;36;-89;30;;;;;;;;;;
78624;-46;37;-89;119;;;;;;;;;;
78687;-47;40;-178;119;;;;;;;;;;
78750;-49;41;-178;119;;;;;;;;;;
78813;-54;44;-178;119;;;;;;;;;;
78876;-57;46;-178;184;;;;;;;;;;
78939;-62;51;-133;184;;;;;;;;;;
79002;-65;56;-133;184;;;;;;;;;;
79065;-67;59;-133;184;;;;;;;;;;
79128;-70;64;-133;38;;;;;;;;;;
79191;-72;64;-83;38;;;;;;;;;;
79254;-72;64;-83;38;;;;;;;;;;
79317;-72;64;-83;38;;;;;;;;;;
79380;-72;64;-83;152;;;;;;;;;;
79443;-74;68;-125;152;;;;;;;;;;
79506;-77;72;-125;152;;;;;;;;;;
79569;-79;74;-125;152;;;;;;;;;;
79632;-82;77;-125;110;;;;;;;;;;
79695;-86;77;-120;110;;;;;;;;;;
79758;-89;77;-120;110;;;;;;;;;;
79821;-91;77;-120;110;;;;;;;;;;
79884;-94;77;-120;107;;;;;;;;;;
79947;-98;77;-131;107;;;;;;;;;;
80010;-99;77;-131;107;;;;;;;;;;
80073;-103;79;-131;290;;;;;;;;;;
80136;-104;82;-131;290;;;;;;;;;;
80199;-105;89;-88;290;;;;;;;;;;
80262;-105;97;-88;290;;;;;;;;;;
80325;-105;99;-88;97;;;;;;;;;;
80388;-105;99;-72;97;;;;;;;;;;
80451;-105;99;-72;97;;;;;;;;;;
80514;-105;100;-72;257;;;;;;;;;;
80577;-105;105;-72;257;;;;;;;;;;
80640;-108;114;-158;257;;;;;;;;;;
80703;-113;123;-158;257;;;;;;;;;;
80766;-118;128;-158;0;;;;;;;;;;
80829;-120;128;-38;-170;;;;;;;;;;
80892;-120;125;-38;-170;;;;;;;;;;
80955;-120;118;-38;-170;;;;;;;;;;
81018;-120;115;-38;-170;;;;;;;;;;
81081;-120;113;-38;-170;;;;;;;;;;
81144;-120;113;-50;0;;;;;;;;;;
81207;-120;113;-50;84;;;;;;;;;;
81270;-120;113;-50;84;;;;;;;;;;
81333;-120;113;-47;84;;;;;;;;;;
81396;-120;113;-47;84;;;;;;;;;;
81459;-120;114;-47;152;;;;;;;;;;
81522;-120;118;-47;152;;;;;;;;;;
81585;-120;122;-52;152;;;;;;;;;;
81648;-120;124;-52;152;;;;;;;;;;
81711;-120;125;-52;0;;;;;;;;;;
81774;-120;125;0;0;;;;;;;;;;
81837;-120;125;0;-37;;;;;;;;;;
81900;-120;125;0;-37;;;;;;;;;;
81963;-120;125;0;-37;;;;;;;;;;
82026;-120;125;0;-37;;;;;;;;;;
82089;-120;125;0;0;;;;;;;;;;
82152;-120;125;0;0;;;;;;;;;;
82215;-120;125;0;0;;;;;;;;;;
82278;-120;125;0;-35;;;;;;;;;;
82341;-120;125;0;-35;;;;;;;;;;
82404;-120;125;0;-35;;;;;;;;;;
82467;-120;125;0;0;;;;;;;;;;
82530;-120;125;0;0;;;;;;;;;;
82593;-120;125;0;0;;;;;;;;;;
82656;-120;125;0;0;;;;;;;;;;
82719;-120;125;0;0;;;;;;;;;;
82782;-120;125;0;0;;;;;;;;;;
82845;-120;125;0;0;;;;;;;;;;
82908;-117;125;238;0;;;;;;;;;;
82971;-113;125;238;-41;;;;;;;;;;
83034;-106;125;238;-41;;;;;;;;;;
83097;-99;125;238;-41;;;;;;;;;;
83160;-91;125;374;-58;;;;;;;;;;
83223;-84;125;374;-58;;;;;;;;;;
83286;-81;125;374;-58;;;;;;;;;;
83349;-77;125;374;-58;;;;;;;;;;
83412;-69;125;318;-66;;;;;;;;;;
83475;-62;125;318;-66;;;;;;;;;;
83538;-59;125;318;-66;;;;;;;;;;
83601;-51;125;329;-66;;;;;;;;;;
83664;-44;125;329;-66;;;;;;;;;;
83727;-40;125;329;-66;;;;;;;;;;
83790;-33;125;329;-66;;;;;;;;;;
83853;-29;125;286;-66;;;;;;;;;;
83916;-22;125;286;-56;;;;;;;;;;
83979;-15;125;286;-56;;;;;;;;;;
84042;-11;125;286;-56;;;;;;;;;;
84105;-3;125;267;-44;;;;;;;;;;
84168;6;125;267;-44;;;;;;;;;;
84231;15;125;267;-44;;;;;;;;;;
84294;26;125;235;-44;;;;;;;;;;
84357;30;125;235;-31;;;;;;;;;;
84420;36;125;235;-31;;;;;;;;;;
84483;43;125;204;-31;;;;;;;;;;
84546;50;125;204;-32;;;;;;;;;;
84609;56;125;204;-32;;;;;;;;;;
84672;62;125;184;-32;;;;;;;;;;
84735;65;125;184;-32;;;;;;;;;;
84798;72;125;184;-31;;;;;;;;;;
84861;75;125;184;-31;;;;;;;;;;
84924;80;125;163;-31;;;;;;;;;;
84987;82;125;163;-29;;;;;;;;;;
85050;85;125;163;-29;;;;;;;;;;
85113;90;125;163;-29;;;;;;;;;;
85176;92;125;159;-29;;;;;;;;;;
85239;97;125;159;-36;;;;;;;;;;
85302;99;125;159;-36;;;;;;;;;;
85365;104;125;159;-36;;;;;;;;;;
85428;108;125;119;-36;;;;;;;;;;
85491;111;125;119;-42;;;;;;;;;;
85554;114;125;119;-42;;;;;;;;;;
85617;115;125;0;-42;;;;;;;;;;
85680;115;125;0;-54;;;;;;;;;;
85743;115;125;0;-54;;;;;;;;;;
85806;115;125;0;-54;;;;;;;;;;
85869;115;125;0;-54;;;;;;;;;;
85932;115;125;0;-36;;;;;;;;;;
85995;115;125;0;-36;;;;;;;;;;
86058;115;125;0;-36;;;;;;;;;;
86121;115;125;0;0;;;;;;;;;;
86184;115;125;0;0;;;;;;;;;;
86247;115;125;0;0;;;;;;;;;;
86310;115;125;0;0;;;;;;;;;;
86373;115;125;0;0;;;;;;;;;;
86436;115;125;0;0;;;;;;;;;;
86499;115;125;0;0;;;;;;;;;;
;;;;;;;;;;;;;;
;;;;;;;;;;;;;;
;;;;;;;;;;;;;;
;;;;;;;;;;;;;;
;;;;;;;;;;;;;;
;;;;;;;;;;;;;;
;;;;;;;;;;;;;;
;;;;;;;;;;;;;;
;;;;;;;;;;;;;;
;;;;;;;;;;;;;;
;;;;;;;;;;;;;;
;;;;;;;;;;;;;;
;;;;;;;;;;;;;;
;;;;;;;;;;;;;;
;;;;;;;;;;;;;;
;;;;;;;;;;;;;;
;;;;;;;;;;;;;;
;;;;;;;;;;;;;;
;;;;;;;;;;;;;;
;;;;;;;;;;;;;;
;;;;;;;;;;;;;;
;;;;;;;;;;;;;;
;;;;;;;;;;;;;;
;;;;;;;;;;;;;;
;;;;;;;;;;;;;;
;;;;;;;;;;;;;;
;;;;;;;;;;;;;;
;;;;;;;;;;;;;;
;;;;;;;;;;;;;;
;;;;;;;;;;;;;;
;;;;;;;;;;;;;;
;;;;;;;;;;;;;;
;;;;;;;;;;;;;;
;;;;;;;;;;;;;;
;;;;;;;;;;;;;;
;;;;;;;;;;;;;;
;;;;;;;;;;;;;;
;;;;;;;;;;;;;;
;;;;;;;;;;;;;;
;;;;;;;;;;;;;;
;;;;;;;;;;;;;;
;;;;;;;;;;;;;;
;;;;;;;;;;;;;;
;;;;;;;;;;;;;;
;;;;;;;;;;;;;;
;;;;;;;;;;;;;;
;;;;;;;;;;;;;;
;;;;;;;;;;;;;;
;;;;;;;;;;;;;;
;;;;;;;;;;;;;;
;;;;;;;;;;;;;;
;;;;;;;;;;;;;;
;;;;;;;;;;;;;;
;;;;;;;;;;;;;;
;;;;;;;;;;;;;;
;;;;;;;;;;;;;;
;;;;;;;;;;;;;;
;;;;;;;;;;;;;;
;;;;;;;;;;;;;;
;;;;;;;;;;;;;;
;;;;;;;;;;;;;;
;;;;;;;;;;;;;;
;;;;;;;;;;;;;;
;;;;;;;;;;;;;;
;;;;;;;;;;;;;;
;;;;;;;;;;;;;;
;;;;;;;;;;;;;;
;;;;;;;;;;;;;;
;;;;;;;;;;;;;;
;;;;;;;;;;;;;;
;;;;;;;;;;;;;;
;;;;;;;;;;;;;;
;;;;;;;;;;;;;;
;;;;;;;;;;;;;;
;;;;;;;;;;;;;;
;;;;;;;;;;;;;;
;;;;;;;;;;;;;;
;;;;;;;;;;;;;;
;;;;;;;;;;;;;;
;;;;;;;;;;;;;;
;;;;;;;;;;;;;;
;;;;;;;;;;;;;;
;;;;;;;;;;;;;;
;;;;;;;;;;;;;;
;;;;;;;;;;;;;;
;;;;;;;;;;;;;;
;;;;;;;;;;;;;;
;;;;;;;;;;;;;;
;;;;;;;;;;;;;;
;;;;;;;;;;;;;;
;;;;;;;;;;;;;;
;;;;;;;;;;;;;;
;;;;;;;;;;;;;;
;;;;;;;;;;;;;;
;;;;;;;;;;;;;;
;;;;;;;;;;;;;;
;;;;;;;;;;;;;;
;;;;;;;;;;;;;;
;;;;;;;;;;;;;;
;;;;;;;;;;;;;;
;;;;;;;;;;;;;;
;;;;;;;;;;;;;;
;;;;;;;;;;;;;;
;;;;;;;;;;;;;;
;;;;;;;;;;;;;;
;;;;;;;;;;;;;;
;;;;;;;;;;;;;;
;;;;;;;;;;;;;;
;;;;;;;;;;;;;;
;;;;;;;;;;;;;;
;;;;;;;;;;;;;;
;;;;;;;;;;;;;;
;;;;;;;;;;;;;;
;;;;;;;;;;;;;;
;;;;;;;;;;;;;;
;;;;;;;;;;;;;;
;;;;;;;;;;;;;;
;;;;;;;;;;;;;;
;;;;;;;;;;;;;;
;;;;;;;;;;;;;;
;;;;;;;;;;;;;;
;;;;;;;;;;;;;;
;;;;;;;;;;;;;;
;;;;;;;;;;;;;;
;;;;;;;;;;;;;;
;;;;;;;;;;;;;;
;;;;;;;;;;;;;;
;;;;;;;;;;;;;;
;;;;;;;;;;;;;;
;;;;;;;;;;;;;;
;;;;;;;;;;;;;;
;;;;;;;;;;;;;;
;;;;;;;;;;;;;;
;;;;;;;;;;;;;;
;;;;;;;;;;;;;;
;;;;;;;;;;;;;;
;;;;;;;;;;;;;;
;;;;;;;;;;;;;;
;;;;;;;;;;;;;;
;;;;;;;;;;;;;;
;;;;;;;;;;;;;;
;;;;;;;;;;;;;;
;;;;;;;;;;;;;;
;;;;;;;;;;;;;;
;;;;;;;;;;;;;;
;;;;;;;;;;;;;;
;;;;;;;;;;;;;;
;;;;;;;;;;;;;;
;;;;;;;;;;;;;;
;;;;;;;;;;;;;;
;;;;;;;;;;;;;;
;;;;;;;;;;;;;;
;;;;;;;;;;;;;;
;;;;;;;;;;;;;;
;;;;;;;;;;;;;;
;;;;;;;;;;;;;;
;;;;;;;;;;;;;;
;;;;;;;;;;;;;;
;;;;;;;;;;;;;;
;;;;;;;;;;;;;;
;;;;;;;;;;;;;;
;;;;;;;;;;;;;;
;;;;;;;;;;;;;;
;;;;;;;;;;;;;;
;;;;;;;;;;;;;;
;;;;;;;;;;;;;;
;;;;;;;;;;;;;;
;;;;;;;;;;;;;;
;;;;;;;;;;;;;;
;;;;;;;;;;;;;;
;;;;;;;;;;;;;;
;;;;;;;;;;;;;;
;;;;;;;;;;;;;;
;;;;;;;;;;;;;;
;;;;;;;;;;;;;;
;;;;;;;;;;;;;;
;;;;;;;;;;;;;;
;;;;;;;;;;;;;;
;;;;;;;;;;;;;;
;;;;;;;;;;;;;;
;;;;;;;;;;;;;;
;;;;;;;;;;;;;;
;;;;;;;;;;;;;;
;;;;;;;;;;;;;;
;;;;;;;;;;;;;;
;;;;;;;;;;;;;;
;;;;;;;;;;;;;;
;;;;;;;;;;;;;;
;;;;;;;;;;;;;;
;;;;;;;;;;;;;;
;;;;;;;;;;;;;;
;;;;;;;;;;;;;;
;;;;;;;;;;;;;;
;;;;;;;;;;;;;;
;;;;;;;;;;;;;;
;;;;;;;;;;;;;;
;;;;;;;;;;;;;;
;;;;;;;;;;;;;;
;;;;;;;;;;;;;;
;;;;;;;;;;;;;;
;;;;;;;;;;;;;;
;;;;;;;;;;;;;;
;;;;;;;;;;;;;;
;;;;;;;;;;;;;;
;;;;;;;;;;;;;;
;;;;;;;;;;;;;;
;;;;;;;;;;;;;;
;;;;;;;;;;;;;;
;;;;;;;;;;;;;;
;;;;;;;;;;;;;;
;;;;;;;;;;;;;;
;;;;;;;;;;;;;;
;;;;;;;;;;;;;;
;;;;;;;;;;;;;;
;;;;;;;;;;;;;;
;;;;;;;;;;;;;;
;;;;;;;;;;;;;;
;;;;;;;;;;;;;;
;;;;;;;;;;;;;;
;;;;;;;;;;;;;;
;;;;;;;;;;;;;;
;;;;;;;;;;;;;;
;;;;;;;;;;;;;;
;;;;;;;;;;;;;;
;;;;;;;;;;;;;;
;;;;;;;;;;;;;;
;;;;;;;;;;;;;;
;;;;;;;;;;;;;;
;;;;;;;;;;;;;;
;;;;;;;;;;;;;;
;;;;;;;;;;;;;;
;;;;;;;;;;;;;;
;;;;;;;;;;;;;;
;;;;;;;;;;;;;;
;;;;;;;;;;;;;;
;;;;;;;;;;;;;;
;;;;;;;;;;;;;;
;;;;;;;;;;;;;;
;;;;;;;;;;;;;;
;;;;;;;;;;;;;;
;;;;;;;;;;;;;;
;;;;;;;;;;;;;;
;;;;;;;;;;;;;;
;;;;;;;;;;;;;;
;;;;;;;;;;;;;;
;;;;;;;;;;;;;;
;;;;;;;;;;;;;;
;;;;;;;;;;;;;;
;;;;;;;;;;;;;;
;;;;;;;;;;;;;;
;;;;;;;;;;;;;;
;;;;;;;;;;;;;;
;;;;;;;;;;;;;;
;;;;;;;;;;;;;;
;;;;;;;;;;;;;;
;;;;;;;;;;;;;;
;;;;;;;;;;;;;;
;;;;;;;;;;;;;;
;;;;;;;;;;;;;;
;;;;;;;;;;;;;;
;;;;;;;;;;;;;;
;;;;;;;;;;;;;;
;;;;;;;;;;;;;;
;;;;;;;;;;;;;;
;;;;;;;;;;;;;;
;;;;;;;;;;;;;;
;;;;;;;;;;;;;;
;;;;;;;;;;;;;;
;;;;;;;;;;;;;;
;;;;;;;;;;;;;;
;;;;;;;;;;;;;;
;;;;;;;;;;;;;;
;;;;;;;;;;;;;;
;;;;;;;;;;;;;;
;;;;;;;;;;;;;;
;;;;;;;;;;;;;;
;;;;;;;;;;;;;;
;;;;;;;;;;;;;;
;;;;;;;;;;;;;;
;;;;;;;;;;;;;;
;;;;;;;;;;;;;;
;;;;;;;;;;;;;;
;;;;;;;;;;;;;;
;;;;;;;;;;;;;;
;;;;;;;;;;;;;;
;;;;;;;;;;;;;;
;;;;;;;;;;;;;;
;;;;;;;;;;;;;;
;;;;;;;;;;;;;;
;;;;;;;;;;;;;;
;;;;;;;;;;;;;;
;;;;;;;;;;;;;;
;;;;;;;;;;;;;;
;;;;;;;;;;;;;;
;;;;;;;;;;;;;;
;;;;;;;;;;;;;;
;;;;;;;;;;;;;;
;;;;;;;;;;;;;;
;;;;;;;;;;;;;;
;;;;;;;;;;;;;;
;;;;;;;;;;;;;;
;;;;;;;;;;;;;;
;;;;;;;;;;;;;;
;;;;;;;;;;;;;;
;;;;;;;;;;;;;;
;;;;;;;;;;;;;;
;;;;;;;;;;;;;;
;;;;;;;;;;;;;;
;;;;;;;;;;;;;;
;;;;;;;;;;;;;;
;;;;;;;;;;;;;;
;;;;;;;;;;;;;;
;;;;;;;;;;;;;;
;;;;;;;;;;;;;;
;;;;;;;;;;;;;;
;;;;;;;;;;;;;;
;;;;;;;;;;;;;;
;;;;;;;;;;;;;;
;;;;;;;;;;;;;;
;;;;;;;;;;;;;;
;;;;;;;;;;;;;;
;;;;;;;;;;;;;;
;;;;;;;;;;;;;;
;;;;;;;;;;;;;;
;;;;;;;;;;;;;;
;;;;;;;;;;;;;;
;;;;;;;;;;;;;;
;;;;;;;;;;;;;;
;;;;;;;;;;;;;;
;;;;;;;;;;;;;;
;;;;;;;;;;;;;;
;;;;;;;;;;;;;;
;;;;;;;;;;;;;;
;;;;;;;;;;;;;;
;;;;;;;;;;;;;;
;;;;;;;;;;;;;;
;;;;;;;;;;;;;;
;;;;;;;;;;;;;;
;;;;;;;;;;;;;;
;;;;;;;;;;;;;;
;;;;;;;;;;;;;;
;;;;;;;;;;;;;;
;;;;;;;;;;;;;;
;;;;;;;;;;;;;;
;;;;;;;;;;;;;;
;;;;;;;;;;;;;;
;;;;;;;;;;;;;;
;;;;;;;;;;;;;;
;;;;;;;;;;;;;;
;;;;;;;;;;;;;;
;;;;;;;;;;;;;;
;;;;;;;;;;;;;;
;;;;;;;;;;;;;;
;;;;;;;;;;;;;;
;;;;;;;;;;;;;;
;;;;;;;;;;;;;;
;;;;;;;;;;;;;;
;;;;;;;;;;;;;;
;;;;;;;;;;;;;;
;;;;;;;;;;;;;;
;;;;;;;;;;;;;;
;;;;;;;;;;;;;;
;;;;;;;;;;;;;;
;;;;;;;;;;;;;;
;;;;;;;;;;;;;;
;;;;;;;;;;;;;;
;;;;;;;;;;;;;;
;;;;;;;;;;;;;;
;;;;;;;;;;;;;;
;;;;;;;;;;;;;;
;;;;;;;;;;;;;;
;;;;;;;;;;;;;;
;;;;;;;;;;;;;;
;;;;;;;;;;;;;;
;;;;;;;;;;;;;;
;;;;;;;;;;;;;;
;;;;;;;;;;;;;;
;;;;;;;;;;;;;;
;;;;;;;;;;;;;;
;;;;;;;;;;;;;;
;;;;;;;;;;;;;;
;;;;;;;;;;;;;;
;;;;;;;;;;;;;;
;;;;;;;;;;;;;;
;;;;;;;;;;;;;;
;;;;;;;;;;;;;;
;;;;;;;;;;;;;;
;;;;;;;;;;;;;;
;;;;;;;;;;;;;;
;;;;;;;;;;;;;;
;;;;;;;;;;;;;;
;;;;;;;;;;;;;;
;;;;;;;;;;;;;;
;;;;;;;;;;;;;;
;;;;;;;;;;;;;;
;;;;;;;;;;;;;;
;;;;;;;;;;;;;;
;;;;;;;;;;;;;;
;;;;;;;;;;;;;;
;;;;;;;;;;;;;;
;;;;;;;;;;;;;;
;;;;;;;;;;;;;;
;;;;;;;;;;;;;;
;;;;;;;;;;;;;;
;;;;;;;;;;;;;;
;;;;;;;;;;;;;;
;;;;;;;;;;;;;;
;;;;;;;;;;;;;;
;;;;;;;;;;;;;;
;;;;;;;;;;;;;;
;;;;;;;;;;;;;;
;;;;;;;;;;;;;;
;;;;;;;;;;;;;;
;;;;;;;;;;;;;;
;;;;;;;;;;;;;;
;;;;;;;;;;;;;;
;;;;;;;;;;;;;;
;;;;;;;;;;;;;;
;;;;;;;;;;;;;;
;;;;;;;;;;;;;;
;;;;;;;;;;;;;;
;;;;;;;;;;;;;;
;;;;;;;;;;;;;;
;;;;;;;;;;;;;;
;;;;;;;;;;;;;;
;;;;;;;;;;;;;;
;;;;;;;;;;;;;;
;;;;;;;;;;;;;;
;;;;;;;;;;;;;;
;;;;;;;;;;;;;;
;;;;;;;;;;;;;;
;;;;;;;;;;;;;;
;;;;;;;;;;;;;;
;;;;;;;;;;;;;;
;;;;;;;;;;;;;;
;;;;;;;;;;;;;;
;;;;;;;;;;;;;;
;;;;;;;;;;;;;;
;;;;;;;;;;;;;;
;;;;;;;;;;;;;;
;;;;;;;;;;;;;;
;;;;;;;;;;;;;;
;;;;;;;;;;;;;;
;;;;;;;;;;;;;;
;;;;;;;;;;;;;;
;;;;;;;;;;;;;;
;;;;;;;;;;;;;;
;;;;;;;;;;;;;;
;;;;;;;;;;;;;;
;;;;;;;;;;;;;;
;;;;;;;;;;;;;;
;;;;;;;;;;;;;;
;;;;;;;;;;;;;;
;;;;;;;;;;;;;;
;;;;;;;;;;;;;;
;;;;;;;;;;;;;;
;;;;;;;;;;;;;;
;;;;;;;;;;;;;;
;;;;;;;;;;;;;;
;;;;;;;;;;;;;;
;;;;;;;;;;;;;;
;;;;;;;;;;;;;;
;;;;;;;;;;;;;;
;;;;;;;;;;;;;;
;;;;;;;;;;;;;;
;;;;;;;;;;;;;;
;;;;;;;;;;;;;;
;;;;;;;;;;;;;;
;;;;;;;;;;;;;;
;;;;;;;;;;;;;;
;;;;;;;;;;;;;;
;;;;;;;;;;;;;;
;;;;;;;;;;;;;;
;;;;;;;;;;;;;;
;;;;;;;;;;;;;;
;;;;;;;;;;;;;;
;;;;;;;;;;;;;;
;;;;;;;;;;;;;;
;;;;;;;;;;;;;;
;;;;;;;;;;;;;;
;;;;;;;;;;;;;;
;;;;;;;;;;;;;;
;;;;;;;;;;;;;;
;;;;;;;;;;;;;;
;;;;;;;;;;;;;;
;;;;;;;;;;;;;;
;;;;;;;;;;;;;;
;;;;;;;;;;;;;;
;;;;;;;;;;;;;;
;;;;;;;;;;;;;;
;;;;;;;;;;;;;;
;;;;;;;;;;;;;;
;;;;;;;;;;;;;;
;;;;;;;;;;;;;;
;;;;;;;;;;;;;;
;;;;;;;;;;;;;;
;;;;;;;;;;;;;;
;;;;;;;;;;;;;;
;;;;;;;;;;;;;;
;;;;;;;;;;;;;;
;;;;;;;;;;;;;;
;;;;;;;;;;;;;;
;;;;;;;;;;;;;;
;;;;;;;;;;;;;;
;;;;;;;;;;;;;;
;;;;;;;;;;;;;;
;;;;;;;;;;;;;;
;;;;;;;;;;;;;;
;;;;;;;;;;;;;;
;;;;;;;;;;;;;;
;;;;;;;;;;;;;;
;;;;;;;;;;;;;;
;;;;;;;;;;;;;;
;;;;;;;;;;;;;;
;;;;;;;;;;;;;;
;;;;;;;;;;;;;;
;;;;;;;;;;;;;;
;;;;;;;;;;;;;;
;;;;;;;;;;;;;;
;;;;;;;;;;;;;;
;;;;;;;;;;;;;;
;;;;;;;;;;;;;;
;;;;;;;;;;;;;;
;;;;;;;;;;;;;;
;;;;;;;;;;;;;;
;;;;;;;;;;;;;;
;;;;;;;;;;;;;;
;;;;;;;;;;;;;;
;;;;;;;;;;;;;;
;;;;;;;;;;;;;;
;;;;;;;;;;;;;;
;;;;;;;;;;;;;;
;;;;;;;;;;;;;;
;;;;;;;;;;;;;;
;;;;;;;;;;;;;;
;;;;;;;;;;;;;;
;;;;;;;;;;;;;;
;;;;;;;;;;;;;;
;;;;;;;;;;;;;;
;;;;;;;;;;;;;;
;;;;;;;;;;;;;;
;;;;;;;;;;;;;;
;;;;;;;;;;;;;;
;;;;;;;;;;;;;;
;;;;;;;;;;;;;;
;;;;;;;;;;;;;;
;;;;;;;;;;;;;;
;;;;;;;;;;;;;;
;;;;;;;;;;;;;;
;;;;;;;;;;;;;;
;;;;;;;;;;;;;;
;;;;;;;;;;;;;;
;;;;;;;;;;;;;;
;;;;;;;;;;;;;;
;;;;;;;;;;;;;;
;;;;;;;;;;;;;;
;;;;;;;;;;;;;;
;;;;;;;;;;;;;;
;;;;;;;;;;;;;;
;;;;;;;;;;;;;;
;;;;;;;;;;;;;;
;;;;;;;;;;;;;;
;;;;;;;;;;;;;;
;;;;;;;;;;;;;;
;;;;;;;;;;;;;;
;;;;;;;;;;;;;;
;;;;;;;;;;;;;;
;;;;;;;;;;;;;;
;;;;;;;;;;;;;;
;;;;;;;;;;;;;;
;;;;;;;;;;;;;;
;;;;;;;;;;;;;;
;;;;;;;;;;;;;;
;;;;;;;;;;;;;;
;;;;;;;;;;;;;;
;;;;;;;;;;;;;;
;;;;;;;;;;;;;;
;;;;;;;;;;;;;;
;;;;;;;;;;;;;;
;;;;;;;;;;;;;;
;;;;;;;;;;;;;;
;;;;;;;;;;;;;;
;;;;;;;;;;;;;;
;;;;;;;;;;;;;;
;;;;;;;;;;;;;;
;;;;;;;;;;;;;;
;;;;;;;;;;;;;;
;;;;;;;;;;;;;;
;;;;;;;;;;;;;;
;;;;;;;;;;;;;;
;;;;;;;;;;;;;;
;;;;;;;;;;;;;;
;;;;;;;;;;;;;;
;;;;;;;;;;;;;;
;;;;;;;;;;;;;;
;;;;;;;;;;;;;;
;;;;;;;;;;;;;;
;;;;;;;;;;;;;;
;;;;;;;;;;;;;;
;;;;;;;;;;;;;;
;;;;;;;;;;;;;;
;;;;;;;;;;;;;;
;;;;;;;;;;;;;;
;;;;;;;;;;;;;;
;;;;;;;;;;;;;;
;;;;;;;;;;;;;;
;;;;;;;;;;;;;;
;;;;;;;;;;;;;;
;;;;;;;;;;;;;;
;;;;;;;;;;;;;;
;;;;;;;;;;;;;;
;;;;;;;;;;;;;;
;;;;;;;;;;;;;;
;;;;;;;;;;;;;;
;;;;;;;;;;;;;;
;;;;;;;;;;;;;;
;;;;;;;;;;;;;;
;;;;;;;;;;;;;;
;;;;;;;;;;;;;;
;;;;;;;;;;;;;;
;;;;;;;;;;;;;;
;;;;;;;;;;;;;;
;;;;;;;;;;;;;;
;;;;;;;;;;;;;;
;;;;;;;;;;;;;;
;;;;;;;;;;;;;;
;;;;;;;;;;;;;;
;;;;;;;;;;;;;;
;;;;;;;;;;;;;;
;;;;;;;;;;;;;;
;;;;;;;;;;;;;;
;;;;;;;;;;;;;;
;;;;;;;;;;;;;;
;;;;;;;;;;;;;;
;;;;;;;;;;;;;;
;;;;;;;;;;;;;;
;;;;;;;;;;;;;;
;;;;;;;;;;;;;;
;;;;;;;;;;;;;;
;;;;;;;;;;;;;;
;;;;;;;;;;;;;;
;;;;;;;;;;;;;;
;;;;;;;;;;;;;;
;;;;;;;;;;;;;;
;;;;;;;;;;;;;;
;;;;;;;;;;;;;;
;;;;;;;;;;;;;;
;;;;;;;;;;;;;;
;;;;;;;;;;;;;;
;;;;;;;;;;;;;;
;;;;;;;;;;;;;;
;;;;;;;;;;;;;;
;;;;;;;;;;;;;;
;;;;;;;;;;;;;;
;;;;;;;;;;;;;;
;;;;;;;;;;;;;;
;;;;;;;;;;;;;;
;;;;;;;;;;;;;;
;;;;;;;;;;;;;;
;;;;;;;;;;;;;;
;;;;;;;;;;;;;;
;;;;;;;;;;;;;;
;;;;;;;;;;;;;;
;;;;;;;;;;;;;;
;;;;;;;;;;;;;;
;;;;;;;;;;;;;;
;;;;;;;;;;;;;;
;;;;;;;;;;;;;;
;;;;;;;;;;;;;;
;;;;;;;;;;;;;;
;;;;;;;;;;;;;;
;;;;;;;;;;;;;;
;;;;;;;;;;;;;;
;;;;;;;;;;;;;;
;;;;;;;;;;;;;;
;;;;;;;;;;;;;;
;;;;;;;;;;;;;;
;;;;;;;;;;;;;;
;;;;;;;;;;;;;;
;;;;;;;;;;;;;;
;;;;;;;;;;;;;;
;;;;;;;;;;;;;;
;;;;;;;;;;;;;;
;;;;;;;;;;;;;;
;;;;;;;;;;;;;;
;;;;;;;;;;;;;;
;;;;;;;;;;;;;;
;;;;;;;;;;;;;;
;;;;;;;;;;;;;;
;;;;;;;;;;;;;;
;;;;;;;;;;;;;;
;;;;;;;;;;;;;;
;;;;;;;;;;;;;;
;;;;;;;;;;;;;;
;;;;;;;;;;;;;;
;;;;;;;;;;;;;;
;;;;;;;;;;;;;;
;;;;;;;;;;;;;;
;;;;;;;;;;;;;;
;;;;;;;;;;;;;;
;;;;;;;;;;;;;;
;;;;;;;;;;;;;;
;;;;;;;;;;;;;;
;;;;;;;;;;;;;;
;;;;;;;;;;;;;;
;;;;;;;;;;;;;;
;;;;;;;;;;;;;;
;;;;;;;;;;;;;;
;;;;;;;;;;;;;;
;;;;;;;;;;;;;;
;;;;;;;;;;;;;;
;;;;;;;;;;;;;;
;;;;;;;;;;;;;;
;;;;;;;;;;;;;;
;;;;;;;;;;;;;;
;;;;;;;;;;;;;;
;;;;;;;;;;;;;;
;;;;;;;;;;;;;;
;;;;;;;;;;;;;;
;;;;;;;;;;;;;;
;;;;;;;;;;;;;;
;;;;;;;;;;;;;;
;;;;;;;;;;;;;;
;;;;;;;;;;;;;;
;;;;;;;;;;;;;;
;;;;;;;;;;;;;;
;;;;;;;;;;;;;;
;;;;;;;;;;;;;;
;;;;;;;;;;;;;;
;;;;;;;;;;;;;;
;;;;;;;;;;;;;;
;;;;;;;;;;;;;;
;;;;;;;;;;;;;;
;;;;;;;;;;;;;;
;;;;;;;;;;;;;;
;;;;;;;;;;;;;;
;;;;;;;;;;;;;;
;;;;;;;;;;;;;;
;;;;;;;;;;;;;;
;;;;;;;;;;;;;;
;;;;;;;;;;;;;;
;;;;;;;;;;;;;;
;;;;;;;;;;;;;;
;;;;;;;;;;;;;;
;;;;;;;;;;;;;;
;;;;;;;;;;;;;;
;;;;;;;;;;;;;;
;;;;;;;;;;;;;;
;;;;;;;;;;;;;;
;;;;;;;;;;;;;;
;;;;;;;;;;;;;;
;;;;;;;;;;;;;;
;;;;;;;;;;;;;;
;;;;;;;;;;;;;;
;;;;;;;;;;;;;;
;;;;;;;;;;;;;;
;;;;;;;;;;;;;;
;;;;;;;;;;;;;;
;;;;;;;;;;;;;;
;;;;;;;;;;;;;;
;;;;;;;;;;;;;;
;;;;;;;;;;;;;;
;;;;;;;;;;;;;;
;;;;;;;;;;;;;;
;;;;;;;;;;;;;;
;;;;;;;;;;;;;;
;;;;;;;;;;;;;;
;;;;;;;;;;;;;;
;;;;;;;;;;;;;;
;;;;;;;;;;;;;;
;;;;;;;;;;;;;;
;;;;;;;;;;;;;;
;;;;;;;;;;;;;;
;;;;;;;;;;;;;;
;;;;;;;;;;;;;;
;;;;;;;;;;;;;;
;;;;;;;;;;;;;;
;;;;;;;;;;;;;;
;;;;;;;;;;;;;;
;;;;;;;;;;;;;;
;;;;;;;;;;;;;;
;;;;;;;;;;;;;;
;;;;;;;;;;;;;;
;;;;;;;;;;;;;;
;;;;;;;;;;;;;;
;;;;;;;;;;;;;;
;;;;;;;;;;;;;;
;;;;;;;;;;;;;;
;;;;;;;;;;;;;;
;;;;;;;;;;;;;;
;;;;;;;;;;;;;;
;;;;;;;;;;;;;;
;;;;;;;;;;;;;;
;;;;;;;;;;;;;;
;;;;;;;;;;;;;;
;;;;;;;;;;;;;;
;;;;;;;;;;;;;;
;;;;;;;;;;;;;;
;;;;;;;;;;;;;;
;;;;;;;;;;;;;;
;;;;;;;;;;;;;;
;;;;;;;;;;;;;;
;;;;;;;;;;;;;;
;;;;;;;;;;;;;;
;;;;;;;;;;;;;;
;;;;;;;;;;;;;;
;;;;;;;;;;;;;;
;;;;;;;;;;;;;;
;;;;;;;;;;;;;;
;;;;;;;;;;;;;;
;;;;;;;;;;;;;;
;;;;;;;;;;;;;;
;;;;;;;;;;;;;;
;;;;;;;;;;;;;;
;;;;;;;;;;;;;;
;;;;;;;;;;;;;;
;;;;;;;;;;;;;;
;;;;;;;;;;;;;;
;;;;;;;;;;;;;;
;;;;;;;;;;;;;;
;;;;;;;;;;;;;;
;;;;;;;;;;;;;;
;;;;;;;;;;;;;;
;;;;;;;;;;;;;;
;;;;;;;;;;;;;;
;;;;;;;;;;;;;;
;;;;;;;;;;;;;;
;;;;;;;;;;;;;;
;;;;;;;;;;;;;;
;;;;;;;;;;;;;;
;;;;;;;;;;;;;;
;;;;;;;;;;;;;;
;;;;;;;;;;;;;;
;;;;;;;;;;;;;;
;;;;;;;;;;;;;;
;;;;;;;;;;;;;;
;;;;;;;;;;;;;;
;;;;;;;;;;;;;;
;;;;;;;;;;;;;;
;;;;;;;;;;;;;;
;;;;;;;;;;;;;;
;;;;;;;;;;;;;;
;;;;;;;;;;;;;;
;;;;;;;;;;;;;;
;;;;;;;;;;;;;;
;;;;;;;;;;;;;;
;;;;;;;;;;;;;;
;;;;;;;;;;;;;;
;;;;;;;;;;;;;;
;;;;;;;;;;;;;;
;;;;;;;;;;;;;;
;;;;;;;;;;;;;;
;;;;;;;;;;;;;;
;;;;;;;;;;;;;;
;;;;;;;;;;;;;;
;;;;;;;;;;;;;;
;;;;;;;;;;;;;;
;;;;;;;;;;;;;;
;;;;;;;;;;;;;;
;;;;;;;;;;;;;;
;;;;;;;;;;;;;;
;;;;;;;;;;;;;;
;;;;;;;;;;;;;;
;;;;;;;;;;;;;;
;;;;;;;;;;;;;;
;;;;;;;;;;;;;;
;;;;;;;;;;;;;;
;;;;;;;;;;;;;;
;;;;;;;;;;;;;;
;;;;;;;;;;;;;;
;;;;;;;;;;;;;;
;;;;;;;;;;;;;;
;;;;;;;;;;;;;;
;;;;;;;;;;;;;;
;;;;;;;;;;;;;;
;;;;;;;;;;;;;;
;;;;;;;;;;;;;;
;;;;;;;;;;;;;;
;;;;;;;;;;;;;;
;;;;;;;;;;;;;;
;;;;;;;;;;;;;;
;;;;;;;;;;;;;;
;;;;;;;;;;;;;;
;;;;;;;;;;;;;;
;;;;;;;;;;;;;;
;;;;;;;;;;;;;;
;;;;;;;;;;;;;;
;;;;;;;;;;;;;;
;;;;;;;;;;;;;;
;;;;;;;;;;;;;;
;;;;;;;;;;;;;;
;;;;;;;;;;;;;;
;;;;;;;;;;;;;;
;;;;;;;;;;;;;;
;;;;;;;;;;;;;;
;;;;;;;;;;;;;;
;;;;;;;;;;;;;;
;;;;;;;;;;;;;;
;;;;;;;;;;;;;;
;;;;;;;;;;;;;;
;;;;;;;;;;;;;;
;;;;;;;;;;;;;;
;;;;;;;;;;;;;;
;;;;;;;;;;;;;;
;;;;;;;;;;;;;;
;;;;;;;;;;;;;;
;;;;;;;;;;;;;;
;;;;;;;;;;;;;;
;;;;;;;;;;;;;;
;;;;;;;;;;;;;;
;;;;;;;;;;;;;;
;;;;;;;;;;;;;;
;;;;;;;;;;;;;;
;;;;;;;;;;;;;;
;;;;;;;;;;;;;;
;;;;;;;;;;;;;;
;;;;;;;;;;;;;;
;;;;;;;;;;;;;;
;;;;;;;;;;;;;;
;;;;;;;;;;;;;;
;;;;;;;;;;;;;;
;;;;;;;;;;;;;;
;;;;;;;;;;;;;;
;;;;;;;;;;;;;;
;;;;;;;;;;;;;;
;;;;;;;;;;;;;;
;;;;;;;;;;;;;;
;;;;;;;;;;;;;;
;;;;;;;;;;;;;;
;;;;;;;;;;;;;;
;;;;;;;;;;;;;;
;;;;;;;;;;;;;;
;;;;;;;;;;;;;;
;;;;;;;;;;;;;;
;;;;;;;;;;;;;;
;;;;;;;;;;;;;;
;;;;;;;;;;;;;;
;;;;;;;;;;;;;;
;;;;;;;;;;;;;;
;;;;;;;;;;;;;;
;;;;;;;;;;;;;;
;;;;;;;;;;;;;;
;;;;;;;;;;;;;;
;;;;;;;;;;;;;;
;;;;;;;;;;;;;;
;;;;;;;;;;;;;;
;;;;;;;;;;;;;;
;;;;;;;;;;;;;;
;;;;;;;;;;;;;;
;;;;;;;;;;;;;;
;;;;;;;;;;;;;;
;;;;;;;;;;;;;;
;;;;;;;;;;;;;;
;;;;;;;;;;;;;;
;;;;;;;;;;;;;;
;;;;;;;;;;;;;;
;;;;;;;;;;;;;;
;;;;;;;;;;;;;;
;;;;;;;;;;;;;;
;;;;;;;;;;;;;;
;;;;;;;;;;;;;;
;;;;;;;;;;;;;;
;;;;;;;;;;;;;;
;;;;;;;;;;;;;;
;;;;;;;;;;;;;;
;;;;;;;;;;;;;;
;;;;;;;;;;;;;;
;;;;;;;;;;;;;;
;;;;;;;;;;;;;;
;;;;;;;;;;;;;;
;;;;;;;;;;;;;;
;;;;;;;;;;;;;;
;;;;;;;;;;;;;;
;;;;;;;;;;;;;;
;;;;;;;;;;;;;;
;;;;;;;;;;;;;;
;;;;;;;;;;;;;;
;;;;;;;;;;;;;;
;;;;;;;;;;;;;;
;;;;;;;;;;;;;;
;;;;;;;;;;;;;;
;;;;;;;;;;;;;;
;;;;;;;;;;;;;;
;;;;;;;;;;;;;;
;;;;;;;;;;;;;;
;;;;;;;;;;;;;;
;;;;;;;;;;;;;;
;;;;;;;;;;;;;;
;;;;;;;;;;;;;;
;;;;;;;;;;;;;;
;;;;;;;;;;;;;;
;;;;;;;;;;;;;;
;;;;;;;;;;;;;;
;;;;;;;;;;;;;;
;;;;;;;;;;;;;;
;;;;;;;;;;;;;;
;;;;;;;;;;;;;;
;;;;;;;;;;;;;;
;;;;;;;;;;;;;;
;;;;;;;;;;;;;;
;;;;;;;;;;;;;;
;;;;;;;;;;;;;;
;;;;;;;;;;;;;;
;;;;;;;;;;;;;;
;;;;;;;;;;;;;;
;;;;;;;;;;;;;;
;;;;;;;;;;;;;;
;;;;;;;;;;;;;;
;;;;;;;;;;;;;;
;;;;;;;;;;;;;;
;;;;;;;;;;;;;;
;;;;;;;;;;;;;;
;;;;;;;;;;;;;;
;;;;;;;;;;;;;;
;;;;;;;;;;;;;;
;;;;;;;;;;;;;;
;;;;;;;;;;;;;;
;;;;;;;;;;;;;;
;;;;;;;;;;;;;;
;;;;;;;;;;;;;;
;;;;;;;;;;;;;;
;;;;;;;;;;;;;;
;;;;;;;;;;;;;;
;;;;;;;;;;;;;;
;;;;;;;;;;;;;;
;;;;;;;;;;;;;;
;;;;;;;;;;;;;;
;;;;;;;;;;;;;;
;;;;;;;;;;;;;;
;;;;;;;;;;;;;;
;;;;;;;;;;;;;;
;;;;;;;;;;;;;;
;;;;;;;;;;;;;;
;;;;;;;;;;;;;;
;;;;;;;;;;;;;;
;;;;;;;;;;;;;;
;;;;;;;;;;;;;;
;;;;;;;;;;;;;;
;;;;;;;;;;;;;;
;;;;;;;;;;;;;;
;;;;;;;;;;;;;;
;;;;;;;;;;;;;;
;;;;;;;;;;;;;;
;;;;;;;;;;;;;;
;;;;;;;;;;;;;;
;;;;;;;;;;;;;;
;;;;;;;;;;;;;;
;;;;;;;;;;;;;;
;;;;;;;;;;;;;;
;;;;;;;;;;;;;;
;;;;;;;;;;;;;;
;;;;;;;;;;;;;;
;;;;;;;;;;;;;;
;;;;;;;;;;;;;;
;;;;;;;;;;;;;;
;;;;;;;;;;;;;;
;;;;;;;;;;;;;;
;;;;;;;;;;;;;;
;;;;;;;;;;;;;;
;;;;;;;;;;;;;;
;;;;;;;;;;;;;;
;;;;;;;;;;;;;;
;;;;;;;;;;;;;;
;;;;;;;;;;;;;;
;;;;;;;;;;;;;;
;;;;;;;;;;;;;;
;;;;;;;;;;;;;;
;;;;;;;;;;;;;;
;;;;;;;;;;;;;;
;;;;;;;;;;;;;;
;;;;;;;;;;;;;;
;;;;;;;;;;;;;;
;;;;;;;;;;;;;;
;;;;;;;;;;;;;;
;;;;;;;;;;;;;;
;;;;;;;;;;;;;;
;;;;;;;;;;;;;;
;;;;;;;;;;;;;;
;;;;;;;;;;;;;;
;;;;;;;;;;;;;;
;;;;;;;;;;;;;;
;;;;;;;;;;;;;;
;;;;;;;;;;;;;;
;;;;;;;;;;;;;;
;;;;;;;;;;;;;;
;;;;;;;;;;;;;;
;;;;;;;;;;;;;;
;;;;;;;;;;;;;;
;;;;;;;;;;;;;;
;;;;;;;;;;;;;;
;;;;;;;;;;;;;;
;;;;;;;;;;;;;;
;;;;;;;;;;;;;;
;;;;;;;;;;;;;;
;;;;;;;;;;;;;;
;;;;;;;;;;;;;;
;;;;;;;;;;;;;;
;;;;;;;;;;;;;;
;;;;;;;;;;;;;;
;;;;;;;;;;;;;;
;;;;;;;;;;;;;;
;;;;;;;;;;;;;;
;;;;;;;;;;;;;;
;;;;;;;;;;;;;;
;;;;;;;;;;;;;;
;;;;;;;;;;;;;;
;;;;;;;;;;;;;;
;;;;;;;;;;;;;;
;;;;;;;;;;;;;;
;;;;;;;;;;;;;;
;;;;;;;;;;;;;;
;;;;;;;;;;;;;;
;;;;;;;;;;;;;;
;;;;;;;;;;;;;;
;;;;;;;;;;;;;;
;;;;;;;;;;;;;;
;;;;;;;;;;;;;;
;;;;;;;;;;;;;;
;;;;;;;;;;;;;;
;;;;;;;;;;;;;;
;;;;;;;;;;;;;;
;;;;;;;;;;;;;;
;;;;;;;;;;;;;;
;;;;;;;;;;;;;;
;;;;;;;;;;;;;;
;;;;;;;;;;;;;;
;;;;;;;;;;;;;;
;;;;;;;;;;;;;;
;;;;;;;;;;;;;;
;;;;;;;;;;;;;;
;;;;;;;;;;;;;;
;;;;;;;;;;;;;;
;;;;;;;;;;;;;;
;;;;;;;;;;;;;;
;;;;;;;;;;;;;;
;;;;;;;;;;;;;;
;;;;;;;;;;;;;;
;;;;;;;;;;;;;;
;;;;;;;;;;;;;;
;;;;;;;;;;;;;;
;;;;;;;;;;;;;;
;;;;;;;;;;;;;;
;;;;;;;;;;;;;;
;;;;;;;;;;;;;;
;;;;;;;;;;;;;;
;;;;;;;;;;;;;;
;;;;;;;;;;;;;;
;;;;;;;;;;;;;;
;;;;;;;;;;;;;;
;;;;;;;;;;;;;;
;;;;;;;;;;;;;;
;;;;;;;;;;;;;;
;;;;;;;;;;;;;;
;;;;;;;;;;;;;;
;;;;;;;;;;;;;;
;;;;;;;;;;;;;;
;;;;;;;;;;;;;;
;;;;;;;;;;;;;;
;;;;;;;;;;;;;;
;;;;;;;;;;;;;;
;;;;;;;;;;;;;;
;;;;;;;;;;;;;;
;;;;;;;;;;;;;;
;;;;;;;;;;;;;;
;;;;;;;;;;;;;;
;;;;;;;;;;;;;;
;;;;;;;;;;;;;;
;;;;;;;;;;;;;;
;;;;;;;;;;;;;;
;;;;;;;;;;;;;;
;;;;;;;;;;;;;;
;;;;;;;;;;;;;;
;;;;;;;;;;;;;;
;;;;;;;;;;;;;;
;;;;;;;;;;;;;;
;;;;;;;;;;;;;;
;;;;;;;;;;;;;;
;;;;;;;;;;;;;;
;;;;;;;;;;;;;;
;;;;;;;;;;;;;;
;;;;;;;;;;;;;;
;;;;;;;;;;;;;;
;;;;;;;;;;;;;;
;;;;;;;;;;;;;;
;;;;;;;;;;;;;;
;;;;;;;;;;;;;;
;;;;;;;;;;;;;;
;;;;;;;;;;;;;;
;;;;;;;;;;;;;;
;;;;;;;;;;;;;;
;;;;;;;;;;;;;;
;;;;;;;;;;;;;;
;;;;;;;;;;;;;;
;;;;;;;;;;;;;;
;;;;;;;;;;;;;;
;;;;;;;;;;;;;;
;;;;;;;;;;;;;;
;;;;;;;;;;;;;;
;;;;;;;;;;;;;;
;;;;;;;;;;;;;;
;;;;;;;;;;;;;;
;;;;;;;;;;;;;;
;;;;;;;;;;;;;;
;;;;;;;;;;;;;;
;;;;;;;;;;;;;;
;;;;;;;;;;;;;;
;;;;;;;;;;;;;;
;;;;;;;;;;;;;;
;;;;;;;;;;;;;;
;;;;;;;;;;;;;;
;;;;;;;;;;;;;;
;;;;;;;;;;;;;;
;;;;;;;;;;;;;;
;;;;;;;;;;;;;;
;;;;;;;;;;;;;;
;;;;;;;;;;;;;;
;;;;;;;;;;;;;;
;;;;;;;;;;;;;;
;;;;;;;;;;;;;;
;;;;;;;;;;;;;;
;;;;;;;;;;;;;;
;;;;;;;;;;;;;;
;;;;;;;;;;;;;;
;;;;;;;;;;;;;;
;;;;;;;;;;;;;;
;;;;;;;;;;;;;;
;;;;;;;;;;;;;;
;;;;;;;;;;;;;;
;;;;;;;;;;;;;;
;;;;;;;;;;;;;;
;;;;;;;;;;;;;;
;;;;;;;;;;;;;;
;;;;;;;;;;;;;;
;;;;;;;;;;;;;;
;;;;;;;;;;;;;;
;;;;;;;;;;;;;;
;;;;;;;;;;;;;;
;;;;;;;;;;;;;;
;;;;;;;;;;;;;;
;;;;;;;;;;;;;;
;;;;;;;;;;;;;;
;;;;;;;;;;;;;;
;;;;;;;;;;;;;;
;;;;;;;;;;;;;;
;;;;;;;;;;;;;;
;;;;;;;;;;;;;;
;;;;;;;;;;;;;;
;;;;;;;;;;;;;;
;;;;;;;;;;;;;;
;;;;;;;;;;;;;;
;;;;;;;;;;;;;;
;;;;;;;;;;;;;;
;;;;;;;;;;;;;;
;;;;;;;;;;;;;;
;;;;;;;;;;;;;;
;;;;;;;;;;;;;;
;;;;;;;;;;;;;;
;;;;;;;;;;;;;;
;;;;;;;;;;;;;;
;;;;;;;;;;;;;;
;;;;;;;;;;;;;;
;;;;;;;;;;;;;;
;;;;;;;;;;;;;;
;;;;;;;;;;;;;;
;;;;;;;;;;;;;;
;;;;;;;;;;;;;;
;;;;;;;;;;;;;;
;;;;;;;;;;;;;;
;;;;;;;;;;;;;;
;;;;;;;;;;;;;;
;;;;;;;;;;;;;;
;;;;;;;;;;;;;;
;;;;;;;;;;;;;;
;;;;;;;;;;;;;;
;;;;;;;;;;;;;;
;;;;;;;;;;;;;;
;;;;;;;;;;;;;;
;;;;;;;;;;;;;;
;;;;;;;;;;;;;;
;;;;;;;;;;;;;;
;;;;;;;;;;;;;;
;;;;;;;;;;;;;;
;;;;;;;;;;;;;;
;;;;;;;;;;;;;;
;;;;;;;;;;;;;;
;;;;;;;;;;;;;;
;;;;;;;;;;;;;;
;;;;;;;;;;;;;;
;;;;;;;;;;;;;;
;;;;;;;;;;;;;;
;;;;;;;;;;;;;;
;;;;;;;;;;;;;;
;;;;;;;;;;;;;;
;;;;;;;;;;;;;;
;;;;;;;;;;;;;;
;;;;;;;;;;;;;;
;;;;;;;;;;;;;;
;;;;;;;;;;;;;;
;;;;;;;;;;;;;;
;;;;;;;;;;;;;;
;;;;;;;;;;;;;;
;;;;;;;;;;;;;;
;;;;;;;;;;;;;;
;;;;;;;;;;;;;;
;;;;;;;;;;;;;;
;;;;;;;;;;;;;;
;;;;;;;;;;;;;;
;;;;;;;;;;;;;;
;;;;;;;;;;;;;;
;;;;;;;;;;;;;;
;;;;;;;;;;;;;;
;;;;;;;;;;;;;;
;;;;;;;;;;;;;;
;;;;;;;;;;;;;;
;;;;;;;;;;;;;;
;;;;;;;;;;;;;;
;;;;;;;;;;;;;;
;;;;;;;;;;;;;;
;;;;;;;;;;;;;;
;;;;;;;;;;;;;;
;;;;;;;;;;;;;;
;;;;;;;;;;;;;;
;;;;;;;;;;;;;;
;;;;;;;;;;;;;;
;;;;;;;;;;;;;;
;;;;;;;;;;;;;;
;;;;;;;;;;;;;;
;;;;;;;;;;;;;;
;;;;;;;;;;;;;;
;;;;;;;;;;;;;;
;;;;;;;;;;;;;;
;;;;;;;;;;;;;;
;;;;;;;;;;;;;;
;;;;;;;;;;;;;;
;;;;;;;;;;;;;;
;;;;;;;;;;;;;;
;;;;;;;;;;;;;;
;;;;;;;;;;;;;;
;;;;;;;;;;;;;;
;;;;;;;;;;;;;;
;;;;;;;;;;;;;;
;;;;;;;;;;;;;;
;;;;;;;;;;;;;;
;;;;;;;;;;;;;;
;;;;;;;;;;;;;;
;;;;;;;;;;;;;;
;;;;;;;;;;;;;;
;;;;;;;;;;;;;;
;;;;;;;;;;;;;;
;;;;;;;;;;;;;;
;;;;;;;;;;;;;;
;;;;;;;;;;;;;;
;;;;;;;;;;;;;;
;;;;;;;;;;;;;;
;;;;;;;;;;;;;;
;;;;;;;;;;;;;;
;;;;;;;;;;;;;;
;;;;;;;;;;;;;;
;;;;;;;;;;;;;;
;;;;;;;;;;;;;;
;;;;;;;;;;;;;;
;;;;;;;;;;;;;;
;;;;;;;;;;;;;;
;;;;;;;;;;;;;;
;;;;;;;;;;;;;;
;;;;;;;;;;;;;;
;;;;;;;;;;;;;;
;;;;;;;;;;;;;;
;;;;;;;;;;;;;;
;;;;;;;;;;;;;;
;;;;;;;;;;;;;;
;;;;;;;;;;;;;;
;;;;;;;;;;;;;;
;;;;;;;;;;;;;;
;;;;;;;;;;;;;;
;;;;;;;;;;;;;;
;;;;;;;;;;;;;;
;;;;;;;;;;;;;;
;;;;;;;;;;;;;;
;;;;;;;;;;;;;;
